driverId,name,ssn,location,certified,wage-plan
10,Brian Butler,229-70-3794,"6817 Tiffany Way
Garciafurt, MN 63816",Y,hours
11,Deborah Morgan,026-80-7315,"7391 Suarez Station
New Susanton, WI 32403",Y,miles
12,Andrea Wallace,400-58-6673,"66407 Jones Turnpike Apt. 796
North Michael, DE 41243",Y,hours
13,Matthew Young,556-17-6092,"5006 David Creek Apt. 638
Lake Michael, MS 63095",N,hours
14,William Davidson,254-15-8737,"09653 Scott Dale
Castroburgh, KS 49218",Y,miles
15,Jennifer Ruiz DVM,270-30-3791,"USNV Smith
FPO AE 34420",Y,hours
16,Olivia Harris,484-20-7862,"696 Christian Pines
West Cody, HI 80079",Y,hours
17,Ronald Martinez,861-98-5411,"Unit 6229 Box 0609
DPO AP 81125",N,miles
18,John Anderson,804-51-5836,"27369 Brandy Glen Suite 359
North Rachelton, SC 33133",N,miles
19,Victor Mahoney,256-75-8091,"5282 Clark Views
Dominiquetown, PR 46049",Y,miles
20,Claudia Wade,847-56-3195,"975 Weaver Parks Apt. 392
Jessicaside, KS 57924",N,miles
21,Colleen Hogan,208-69-2001,"90852 James Turnpike Suite 766
North Andrew, DE 42909",N,miles
22,Nicholas Williams,698-61-4099,"USNS Manning
FPO AE 52620",Y,hours
23,Kimberly Rodgers,282-77-4969,"824 Cindy Glen Apt. 127
Kyleshire, ME 17021",N,miles
24,Sherri Mcguire,667-88-5784,"35953 Justin Trail
North Jacob, GU 48493",N,hours
25,Sean Jacobs,807-54-4231,"00737 Zachary Burg
Port Lisatown, VA 46860",Y,hours
26,Tiffany King,655-64-3976,"609 Jeffrey Hollow Suite 952
Barberville, NM 28665",N,hours
27,Deborah Welch,733-48-5815,"84192 Brandon Orchard
New John, PW 11350",N,hours
28,Robert Alvarez,348-30-7547,"3518 Danielle Row Apt. 562
Jenningsview, WV 92611",Y,hours
29,Heather Curtis,757-14-7048,"5028 Dalton Heights
South Jeffrey, NM 10979",Y,hours
30,Joshua Arnold,031-43-8381,"25675 Durham Forges
Charlesside, PW 33782",Y,miles
31,Jacob Coleman,716-46-3187,"158 Adkins Burg
North Erin, TX 34569",Y,hours
32,Rebecca Parker,097-72-1985,"77412 Rodriguez Shoals
Kimside, AZ 47225",Y,miles
33,Natalie Wilson,487-22-8658,"0316 Victor Isle
Garciachester, AS 18062",N,miles
34,Victor Garcia,196-76-0061,"PSC 0343, Box 1274
APO AA 35156",N,miles
35,Michael Horton,210-85-1997,"4287 Elizabeth Route
South Kelly, WY 94127",Y,miles
36,Christopher Davis,225-98-2168,"147 Adkins Greens
Keithbury, ID 26004",N,miles
37,Jeffrey Hatfield,319-12-5616,"79298 Gentry Route
Andrewfurt, MH 32427",N,miles
38,Kristin Mcdonald,211-31-2325,"98490 David Estate
New Anneport, PR 96434",N,hours
39,Justin Craig,003-54-3000,"4173 Wright Ridge Apt. 387
Randolphborough, LA 37026",Y,hours
40,Aaron Jones,669-31-3225,"721 Tammy Vista Suite 540
North Robert, AZ 41677",Y,hours
41,Sarah Black,244-14-0941,"19386 Webb Parks
Stonehaven, DE 51328",Y,miles
42,Christina Parker,284-63-0708,"8807 Welch Walk Apt. 350
West Christine, AL 76456",Y,hours
43,Benjamin Pratt,157-52-7578,"15617 Erika Fork
West Kathy, CO 77256",Y,miles
44,Kimberly Stewart,157-96-4298,"253 Richard Mall
Kevinshire, NJ 63932",Y,miles
45,Matthew Mendez,012-58-6936,"0043 Robert Forest Apt. 470
Jamesville, ND 41515",N,hours
46,William Merritt,431-52-1123,"989 Diana Fork Apt. 040
Gilbertshire, PW 15592",N,hours
47,Richard Cook,243-80-1334,"9919 Jenna Oval Suite 061
South Christinamouth, GU 35803",Y,miles
48,Stacy Robinson,815-80-5459,"5769 Melissa Oval Apt. 094
Rickyburgh, GA 14937",N,miles
49,Daniel Anderson,734-65-2671,"9962 Anna Extension Suite 855
Smithport, LA 05191",N,miles
50,Charles Williams,549-68-1703,"62903 Frey Rue Apt. 251
West Matthewborough, IA 74932",Y,hours
51,Ryan Scott,740-82-0257,"753 Ayala Canyon
Ericport, AS 34496",N,hours
52,Wayne Huff,417-01-1676,"31273 Michael Passage Suite 585
Port Lauriebury, RI 68279",Y,miles
53,Amber Smith,584-66-7442,"577 Monica Crescent Apt. 359
Angelaton, VI 59142",N,miles
54,Natalie Mcmahon,176-46-0620,"Unit 2746 Box 6736
DPO AA 06096",N,miles
55,Gina Dyer,134-32-0637,"87913 Adam Path
Lake Nathanielmouth, RI 70864",N,hours
56,Joy Tanner,087-02-3191,"0042 Michael Island Suite 375
South Michael, NJ 97018",N,miles
57,Patricia Burgess,080-83-9046,"59296 Hall River Apt. 572
South Anthony, ND 30728",N,miles
58,Lisa Jones,175-97-6806,"098 Martinez Coves
Port Patrickville, NY 29125",Y,miles
59,Katie Meza,162-66-0470,"8617 Mathew Mission Suite 976
North Javiertown, AL 85770",N,hours
60,Shelby Preston,783-37-6808,"6120 Olivia Neck
New Christopher, MO 07911",Y,hours
61,Douglas Bullock,026-16-9086,"5294 Allen Fort Suite 143
East Hector, LA 67975",N,miles
62,Matthew Rodriguez,098-43-3835,"08705 Mueller Square
Richardstad, TX 98641",Y,hours
63,Jose Guzman,323-80-6162,"44311 Scott Haven
Blackhaven, AZ 06287",N,hours
64,Christine Miller,060-39-0280,"4937 Christina Glen
Knighttown, GA 15116",N,miles
65,Marissa Bolton,741-64-7803,"4803 Jonathan Lock Suite 763
North Karina, ID 48124",Y,hours
66,Abigail Burns,341-83-1753,"45390 Richard Shores Apt. 939
Chandlerbury, ID 42187",N,hours
67,Mariah Brown,741-13-2714,"139 Smith Forks
New Stacy, NY 57975",N,hours
68,James Peterson,780-19-8028,"109 Casey Green Apt. 066
Powersstad, PW 68415",N,hours
69,Rachel Sweeney,431-42-6298,"489 Aaron Grove Apt. 171
Weberland, IA 81704",N,hours
70,Patricia Garcia,268-01-8623,"25180 Lynn Lakes
Stewartmouth, TN 72300",N,hours
71,Jessica Lam DVM,843-66-4279,"12307 Lewis Field Apt. 565
Lake Sara, NM 82778",Y,miles
72,Charles Nguyen,137-89-1433,"Unit 8089 Box 7554
DPO AA 03131",N,miles
73,Deborah Taylor,141-93-5000,"7242 Matthew Place Suite 823
Lake Kevinmouth, FL 51255",Y,miles
74,Daniel Rodriguez,706-35-9617,"146 Jennifer Fork
Margarethaven, RI 65754",N,miles
75,Melanie Armstrong,671-09-9511,"0229 Bobby Coves Apt. 121
Hernandezton, AS 37188",N,miles
76,Henry Sloan,578-35-3682,"9425 Knox Square
Hunttown, SC 96580",N,hours
77,Brittany Thomas,609-28-9720,"54943 David Ports
Lake Johnfort, MP 18004",Y,miles
78,Jonathan Harding,752-83-2535,"3953 Rodriguez Flat
Kleintown, NE 50661",Y,hours
79,Alexander Romero,892-36-4303,"918 Anthony Walk Suite 691
Potterfort, GA 81032",N,hours
80,Jennifer Davis,652-95-9799,"23941 Spence Turnpike Suite 229
Haleyhaven, PW 60881",N,miles
81,Lisa Cannon DVM,710-87-1984,"0258 Berry Common Suite 477
East Ryanland, WV 50565",Y,miles
82,Kelly Johnson,023-74-2216,"79592 Price Drive
Rossview, AL 47792",N,miles
83,Carrie Frank,476-73-2706,"4270 Robert Shores
Velazquezfurt, RI 56593",N,hours
84,Tammy Olson,768-86-6228,"763 Leon Ramp
Grossside, SD 57627",N,miles
85,Deborah Gray,671-58-2712,"86320 Erin Radial
West Kathleenport, HI 99286",N,miles
86,Ashley Cruz,274-01-7718,"3738 Jasmine Pike Apt. 005
New Melissaport, MA 11947",Y,hours
87,Belinda Edwards,614-15-2914,"4860 Brent Trafficway
Debraville, TX 04565",N,miles
88,Tyler Paul,259-27-1416,"5246 Shannon Ridges
North Wendyview, PR 91454",Y,miles
89,Susan Pham,519-43-9483,"258 Alvin Green
East Trevor, CT 01622",Y,miles
90,Barbara Murray,211-78-4733,"1605 Parker Road Apt. 360
Davidtown, CT 25005",N,miles
91,Christina Schultz,652-21-5489,"PSC 6812, Box 0337
APO AP 15065",Y,miles
92,Sharon Scott,843-10-4290,"7158 Maria Squares
Lake Lisa, OR 63597",N,miles
93,Anna Frank,058-61-1412,"32051 Molly Shoals Apt. 514
Lake Marie, PA 67761",N,miles
94,Amy Adams,114-88-1552,"94210 Reeves Course Suite 454
Williamsview, AK 53525",Y,miles
95,Tyler Hamilton,611-34-5191,"6192 Moore Avenue Suite 622
Jeffreyfort, AR 22006",Y,miles
96,Scott Johnson,115-86-3885,"911 Cassie Park Apt. 549
South William, AR 99144",N,miles
97,Tyler Lewis,514-57-5546,"7869 Nicholas Lakes
Williamsmouth, NV 69440",Y,miles
98,Harold Lawrence,810-68-3591,"667 Turner Walks
Barnettmouth, SC 13325",N,hours
99,Stephanie Edwards,137-17-6654,"518 Clark Courts
Benjaminchester, MD 57076",N,miles
100,Phyllis Lopez,805-73-3346,"11981 Taylor Summit
Baileytown, WY 59798",N,hours
101,Alicia Harris,867-24-0810,"43675 Jeremy Fall
Port Jessicaside, GU 82573",Y,miles
102,Rachel Butler,357-62-0392,"29351 Poole Mill Suite 338
New Lisaborough, PW 34822",N,miles
103,John Ferrell,748-83-6175,"916 Jeffrey Shore Suite 110
Lake Carlos, MH 47536",Y,miles
104,Claire Shaffer,092-63-4097,"3318 Gary Fort
Jonathanchester, GU 10549",N,miles
105,Donna Hamilton,441-31-6951,"9993 Jonathan Locks
Donaldburgh, AR 03652",N,hours
106,Anthony Henderson,470-56-6387,"7810 Pamela Mill Suite 346
New Cassandrachester, NV 47556",Y,miles
107,Joseph Torres,690-53-7295,"04507 King Trail
Port Ernest, HI 15698",Y,hours
108,Julia Terrell,444-12-3047,"2807 Shaffer Villages Apt. 195
Andrewchester, MP 33920",N,hours
109,Troy Johnson,004-74-1965,"35863 Lawson Point
East Lynn, PR 64994",Y,miles
110,Joseph White,609-33-4552,"617 Mason Way
Williammouth, NY 79538",Y,hours
111,Robert Mitchell,420-54-4094,"5099 Christopher Spur
Davidstad, SC 18126",N,miles
112,Joshua Cox,271-97-5939,"63181 Dorothy Mills Apt. 716
Jeffreychester, NY 73872",N,hours
113,Sarah Franklin,530-31-4141,"385 Romero Overpass Apt. 277
Jonesside, OK 36538",N,hours
114,Deanna Morris,759-10-9803,"942 Judy Stream Apt. 666
South Sandraview, MS 69792",N,hours
115,Dwayne Mendez,607-58-8929,"3858 Jenna Fort Apt. 258
Martinezberg, ME 87149",Y,miles
116,Brandon Fox,897-36-7527,"397 Carol Rapids Apt. 628
Susanborough, AZ 40100",Y,miles
117,Chelsea Lee,849-85-1367,"4075 Allison Causeway Apt. 495
Lake Davidchester, NE 90911",N,hours
118,Kevin Rodriguez,381-57-3201,"448 Kim Freeway Suite 391
New Charlotteton, UT 69776",N,miles
119,Wendy Rivas,873-41-9545,"6152 Michael Circles
South Rebecca, WI 69129",N,miles
120,Abigail Alexander,849-26-0110,"34400 Justin Locks
New Makaylafurt, ND 37246",Y,hours
121,Brittany Gutierrez,313-91-0635,"USS Livingston
FPO AE 16390",N,hours
122,Jill Chapman,430-60-5869,"664 Michelle Ridge Suite 360
East Brent, OR 58293",Y,hours
123,Holly Day,181-11-4240,"55734 Monica Springs
Stevenville, PW 67969",N,miles
124,Christine Walker,369-43-5832,"3793 Thompson Branch
Hurststad, NE 29147",Y,hours
125,Dr. Eric Cooper,725-99-7307,"2965 Williams Estates Suite 130
Port Amanda, NC 38083",N,miles
126,Lonnie Richardson,144-87-2318,"6982 Richard Shores Suite 033
North Jenny, PW 25167",N,miles
127,James Gonzalez,441-84-8661,"0844 Lang Square
Nicolestad, MS 18567",Y,hours
128,Steven Graham,873-12-7247,"2507 Williams Manor Apt. 915
Brendaland, TN 75304",Y,miles
129,Ryan White,644-58-8763,"783 Chad Street Apt. 369
Christineview, AR 46003",N,hours
130,Nicole Anderson,380-04-1439,"2549 Lynn Parkway Apt. 010
Cookeview, VT 33146",Y,miles
131,Deborah Glover,648-47-3518,"432 Knight Mission Apt. 027
New Kristabury, VT 22278",N,miles
132,Ronald Hensley,236-78-8674,"17395 Justin Center Suite 072
Ericamouth, OR 57249",Y,hours
133,Donald Young,094-97-7914,"87001 Tammy Green
Herreraview, PA 03122",N,hours
134,Jessica Owens,744-53-5160,"3330 David Pike
Davidchester, AZ 95065",Y,hours
135,Tonya Torres DVM,541-24-5589,"Unit 2908 Box 9763
DPO AP 26312",Y,hours
136,Christopher Hampton,589-28-2145,"834 Singleton Loaf
Youngmouth, WI 00778",Y,hours
137,Clayton Williams,515-13-1598,"PSC 5852, Box 8682
APO AA 99056",Y,hours
138,Sara Horton,367-83-9248,"03133 Burke Groves Suite 208
East Andrew, AR 61714",N,hours
139,Jaime Rice,083-73-3631,"4593 Patel Island
East Zachary, AR 48535",Y,hours
140,Richard Lee,528-21-6415,"6874 Ariana Greens
Tyronefort, SC 33620",N,hours
141,Laura Miller,358-92-7101,"3999 Evans Loop Apt. 617
Patriciaton, AK 14192",Y,miles
142,Angela Dominguez,160-74-4921,"3996 Jacobs Garden Apt. 193
East Samantha, PA 69268",N,miles
143,Amber Reynolds,192-09-7922,"7032 Simmons Views Apt. 916
Port Chad, MS 10538",Y,miles
144,Heather Griffin,716-66-7048,"76949 Nichols Lights Suite 869
Port Cindy, AR 85780",Y,hours
145,George Pierce,178-37-6113,"043 Mercedes Crossing
Lake Keithberg, NC 44872",Y,miles
146,Barbara Adams,849-08-7216,"245 Gary Forges
Gailburgh, VI 44967",Y,miles
147,Kimberly Franklin,329-32-6781,"USNV Walker
FPO AP 49048",Y,miles
148,Dr. Wendy Fisher,639-36-2820,"5947 Alexander Divide Suite 575
East Stephaniefort, CA 36022",Y,miles
149,Gregory Knight,424-72-1189,"USS Dickson
FPO AE 66309",Y,miles
150,Katrina Thomas,086-60-6849,"18437 Glover Village
South Kristine, PR 26577",N,hours
151,Matthew Kelly,358-62-1423,"82224 Debra Plain
Maureenstad, UT 36838",N,hours
152,Andrea Esparza,307-01-0389,"678 Scott Roads
Smithview, FM 23705",Y,hours
153,Stephanie Bonilla,850-68-1865,"29763 Anderson Drives
North Nicholasshire, IL 98295",N,hours
154,Lauren Jenkins,489-13-6473,"78077 Anita Knolls Suite 688
Patrickberg, FM 82120",N,miles
155,Jonathan Ayala,042-62-1704,"47110 Bell Prairie Apt. 182
Danielmouth, PW 29727",N,hours
156,James Gray,035-24-6862,"Unit 7573 Box 8222
DPO AA 87414",N,miles
157,Christopher Kirby,226-56-0920,"07661 Liu Valleys Suite 918
South Toddton, IN 88038",Y,miles
158,William Barber,325-56-2392,"20872 Lee Alley Suite 983
South Aaronview, NE 03666",N,hours
159,James Anderson,241-22-6969,"Unit 0298 Box 0201
DPO AE 44014",Y,hours
160,David Lewis,494-72-6128,"026 Dixon Mews Apt. 372
Coleshire, MD 83193",N,miles
161,Carolyn Roy,419-83-8569,"9073 Johnson Burgs Suite 841
West Franklinfurt, IA 55746",N,miles
162,Sara Hays,863-86-5722,"7907 Hall Cove
East Dustin, PR 64338",Y,hours
163,Yvonne Taylor,642-31-2591,"047 Michele Branch
Kevinville, ND 62950",N,miles
164,Pamela Warren,133-70-4799,"9474 Gray Hills Suite 114
South Oscar, UT 55335",N,miles
165,Christine Williams,769-34-3091,"966 White Stream
South Aaron, FM 92311",N,hours
166,Samantha Michael,597-06-4316,"9521 Tammy Rapids
New Jamesfort, CO 54158",N,hours
167,Ashley Rodriguez,233-46-1134,"USNV Pena
FPO AA 82695",N,hours
168,Cindy Graham,446-14-8557,"082 Alvarez Lane
New Mark, CO 16412",N,miles
169,Tammy Warner,200-66-0128,"9181 Margaret Cliffs
Vaughntown, MA 73116",Y,miles
170,Justin Peterson,130-17-3365,"1607 Austin Forge Suite 225
Port Cindytown, PW 08382",N,hours
171,Michael Hill,628-84-6352,"125 Shane Isle Suite 916
South Jeremiahshire, CO 99734",N,hours
172,Kimberly Snow DVM,599-78-0227,"2036 Malone Overpass Suite 985
New Annetteland, AL 08096",N,miles
173,Harold Daniels,300-93-5745,"5632 Dawson Forges Suite 334
Greenborough, VT 20210",Y,hours
174,David Chase,807-66-4494,"Unit 2026 Box 2393
DPO AA 21508",Y,miles
175,Joy Smith DVM,330-88-5744,"PSC 1588, Box 2830
APO AA 26281",N,hours
176,Erik Ross,152-79-2528,"81863 Hardy Overpass
North Jonathanport, MT 33510",N,miles
177,Abigail Hughes,780-70-0858,"845 Cheryl Centers Suite 959
New Rogerstad, DC 20227",Y,hours
178,Jill Day,760-98-1128,"90302 Robert Square
Dannyland, AL 09140",Y,hours
179,Jennifer Johnson,229-14-9469,"07173 Logan Streets Apt. 305
Port Jessica, PA 59139",Y,miles
180,Joshua Rogers,895-74-8020,"20132 Brian Row
Alisonhaven, MO 83829",Y,hours
181,Stacy Hunter,071-78-8821,"USNV Knapp
FPO AP 81762",N,miles
182,Kevin Taylor,030-27-2874,"Unit 5425 Box 7728
DPO AP 90250",Y,hours
183,Clayton Wheeler,277-99-1690,"7264 Rivers Lock
East Daniel, KS 87159",N,miles
184,Diana Holland,163-75-9544,"9552 Davis Mall Apt. 806
South Andrew, IA 74018",Y,miles
185,Christopher Johnson,783-80-2103,"Unit 9694 Box 5842
DPO AA 91902",N,miles
186,Rachel Hutchinson,746-95-7853,"927 Griffin Mews Apt. 218
Port Lesliemouth, RI 85153",Y,miles
187,Joseph Hudson,719-12-1531,"161 Sims Gardens
Port Christinahaven, FL 61166",Y,hours
188,Joseph Rodriguez,174-89-2263,"USNS Moreno
FPO AP 44005",N,hours
189,Veronica Duncan,144-62-9461,"632 Elliott Green
West Brenda, AK 45757",N,miles
190,Mary Hill,244-38-5375,"2584 Christian Tunnel Apt. 341
Brettmouth, OR 43129",Y,hours
191,Kimberly Schwartz,222-57-4560,"90487 Horn Hills
Lake Thomas, TX 09824",N,hours
192,Carol Baker,699-78-5108,"81630 Jones Circles
Justinfurt, KY 91668",N,hours
193,John Holmes,155-27-1584,"62759 Bryan Villages Apt. 319
Tanyaton, NV 39898",Y,hours
194,Megan Ramirez,094-94-4867,"55968 Cheryl Pines
West Nicholasborough, ME 63302",Y,miles
195,Billy Craig,747-67-1174,"0106 Christian Points
Annabury, AR 57968",N,miles
196,Dennis Rivera,714-55-7192,"13792 Paula Row
Josephchester, IA 94711",Y,hours
197,Anthony Allen,290-20-4939,"576 Reeves Prairie Suite 988
Krystalhaven, TN 24778",N,miles
198,Alyssa Carlson,753-65-3195,"225 Nicholas Circles Suite 191
Lake Mark, SC 84841",Y,miles
199,Christopher Turner,498-17-2165,"1590 Emily Crossroad
New Patriciabury, WY 16267",N,miles
200,Melissa Baxter,352-17-0635,"01946 Harrington Plains
Webbport, NV 30240",N,hours
201,Crystal Page,629-63-6310,"24800 Diana Fall
Petersenside, VT 25082",N,hours
202,Johnny Griffin,474-97-5122,"3805 Dana Summit Apt. 638
Lake Juanland, VI 82880",N,hours
203,Stephanie Dunlap,544-96-1454,"1437 Teresa Circles
Cruzside, MP 36321",Y,miles
204,Ashley Wright,098-03-8407,"7365 Joseph Motorway
Juliaside, PW 17072",N,hours
205,Nicole Castaneda,699-94-4428,"PSC 4992, Box 0461
APO AP 21182",Y,hours
206,Terri Malone,169-37-1830,"5784 Hayes Court Apt. 802
Gonzalesberg, MH 71632",N,miles
207,Robert Fisher,265-19-2477,"43425 Brendan Viaduct
Juliebury, HI 75081",Y,miles
208,Eric Hansen,809-35-8635,"USNV Nelson
FPO AA 22463",Y,hours
209,Steven Strickland,429-80-4234,"PSC 8154, Box 3248
APO AE 38455",Y,miles
210,Tammy Watts,563-95-8095,"142 Emily Estate Apt. 637
North Staceyville, OR 02815",N,hours
211,Allison Franklin,588-48-3953,"157 Richard Mountain
Lake Rebecca, WY 82528",N,miles
212,Michael Sandoval,148-82-6981,"15427 Stone Glens Suite 963
Tinashire, TN 65616",N,hours
213,Melissa Pacheco,552-13-1581,"245 Kevin Stravenue
Ryanshire, MT 28790",Y,miles
214,Scott Wilson,743-12-6098,"958 Hernandez Motorway Apt. 562
Clarkfurt, CO 46222",N,hours
215,Ashley Matthews,631-91-8192,"259 Austin Row Apt. 099
Hernandezmouth, ID 13295",N,miles
216,Danny Dawson,772-15-0494,"66484 Carol Square Suite 959
Edwardsmouth, TX 97196",Y,hours
217,Oscar Watson,802-96-0689,"171 George Square
Carterport, LA 84249",N,miles
218,Christopher Lloyd,212-23-3000,"3066 Cox Lakes Suite 875
Whitefort, VI 73665",N,hours
219,Victoria Wilson,512-37-7546,"0649 Frederick Fork Suite 087
Wilsonfurt, NY 27525",Y,miles
220,Amanda Kramer,693-97-1898,"422 Tyler Freeway
North Melissachester, WA 90908",Y,hours
221,Richard Butler,138-98-4752,"09424 Holt Street Apt. 708
Brendanmouth, VT 13226",Y,miles
222,Aaron Walters,527-74-8088,"566 Meghan Mount Suite 598
Mackview, UT 34200",Y,miles
223,Lindsay Cobb,732-22-7207,"921 Campos Tunnel Suite 634
East Andreahaven, PW 27051",Y,miles
224,Amy Mayer,376-14-9159,"8631 Jeffrey Forges Suite 762
North Pamelaburgh, MH 11589",Y,hours
225,Kimberly Hughes,156-34-3996,"01512 Debbie Station Suite 495
Adrianbury, GU 40392",N,miles
226,Jack Davis,129-05-7557,"78579 Michael Highway
East Joshuatown, CT 86949",Y,hours
227,William Costa,450-32-5404,"792 Sarah Forks
Port Adamtown, AS 99021",N,hours
228,Tyrone Wright,074-38-2689,"276 Lori Hills
Michaelview, KS 79895",N,miles
229,Scott Ortiz,114-35-8747,"829 Smith Glens Suite 894
Robinsonberg, WA 32387",N,miles
230,Linda Scott,358-06-0726,"1985 Laurie Knolls
Jeremyhaven, GA 97272",Y,miles
231,Paul Higgins,066-97-6756,"887 Mason Springs
North Lisaview, AL 04775",N,hours
232,Joseph Miller,716-32-6944,"619 Anthony Run Suite 915
Draketown, MO 78299",Y,hours
233,Austin Sanchez,061-12-1672,"1123 Terry Springs
Butlerburgh, TN 17795",Y,miles
234,Pamela Diaz,343-05-9202,"7791 Steven Station Suite 107
New Jenniferbury, FM 96859",N,miles
235,Maria Ray,109-71-6197,"4650 Joshua Roads
Collinsborough, MP 71039",Y,hours
236,Teresa Johnson,416-60-5956,"24802 Phillips Hollow
Donnaview, MH 52421",N,hours
237,Jason Wilson,814-14-2583,"75951 Hanson Courts
Hatfieldburgh, AL 75970",Y,miles
238,Ronald Lopez,165-34-1957,"6069 Frank Springs
Brettland, MH 32342",N,hours
239,Edwin Greene,014-84-3830,"5922 Daniel Turnpike
Lake Kendrafort, NY 79806",N,miles
240,Samantha Parks,009-62-9907,"4652 Jessica Lodge
Ashleyland, OK 10947",Y,hours
241,Thomas Ortiz,361-65-9719,"97272 Guerra Extensions Apt. 237
West Robert, VI 64925",Y,miles
242,Michael Joseph,729-22-3271,"USS Stuart
FPO AE 39403",Y,miles
243,Dr. Daniel Marshall MD,567-79-7985,"09015 Nicole Groves
Nancymouth, MT 01226",Y,miles
244,Melissa King,314-66-3534,"PSC 9835, Box 3784
APO AA 59888",Y,hours
245,Eric Price,518-57-7716,"568 Taylor Corners
Michaeltown, PW 95836",N,hours
246,Jim Grant,128-97-8468,"0871 Sanders Cove
North Malikmouth, MD 18809",N,hours
247,Gordon Hamilton,625-65-6546,"153 White View Apt. 380
West Briannaland, KS 59477",N,hours
248,Kevin Phillips,106-99-3344,"33063 King Island
Lake Loriburgh, NE 02427",N,miles
249,Steve Johnson,814-48-1172,"6719 Davis Bypass
Jaredmouth, TN 50011",N,miles
250,Michelle Estes,240-35-0332,"8531 Jeffrey Parkway Suite 889
Beckermouth, MI 56035",N,miles
251,Anna Reed,285-80-7344,"8583 Bishop Islands
New Ericachester, CT 54623",N,miles
252,Jesse Craig,691-41-5871,"995 Lisa Station Apt. 862
Port Breanna, NH 03443",Y,hours
253,Vincent Edwards,282-45-5581,"PSC 8045, Box 5749
APO AE 16028",Y,hours
254,Susan Reed,169-42-3061,"630 Thomas Walks
South Ashleyville, MD 85503",Y,hours
255,Tyler King,843-75-6195,"3227 Mccullough Alley
Markton, NM 35062",Y,hours
256,James Rivas,594-95-2601,"4541 Smith Harbor
West Barbara, IA 49420",Y,miles
257,Morgan Mcdonald,458-75-7070,"06935 Christina Prairie Suite 654
Lake Monicaberg, CA 32931",Y,hours
258,Miguel Dickerson,790-54-4322,"75684 Williams Highway Apt. 924
South Lisa, NE 84655",Y,miles
259,Joseph Smith,627-82-5315,"26817 John Green Apt. 880
Castillomouth, HI 90942",N,miles
260,Jon Patrick,489-62-2033,"145 Michael Tunnel
New Beth, IN 35034",Y,miles
261,Jennifer Sosa,871-07-7506,"63968 Duncan Drive
North Andrewton, AR 65007",Y,hours
262,Angela Drake,883-46-7375,"4108 Palmer Shoal
Morganton, HI 08500",N,hours
263,Laura Hoffman,481-08-3124,"20350 Kathleen Plaza
Fordstad, LA 69546",N,miles
264,Karen Watts,601-88-8221,"59912 Todd Rapid
South Johnnystad, GU 43434",Y,miles
265,Diana Wagner,350-69-1229,"97505 Veronica Crossing
East Tiffanyfurt, VI 51688",Y,hours
266,Nancy Murphy,547-95-9315,"4382 Eaton Prairie
North Douglas, IL 92006",Y,miles
267,Alexander Payne,103-40-6004,"8896 Pearson Ramp
Owenmouth, AK 21379",N,miles
268,Dominique Davis,663-60-4736,"6375 Jones Circles Apt. 241
Phillipschester, MS 13731",N,miles
269,Linda Tate,593-70-1580,"USNS Thompson
FPO AA 71765",N,miles
270,Jessica Simon,566-76-1309,"403 Pham Overpass Apt. 368
North Troymouth, FL 76381",N,miles
271,Charles Sanchez,771-07-9140,"722 Garcia Rue
Crystalfurt, NH 21146",Y,hours
272,Carlos Jennings,154-06-5122,"1746 Atkinson Corners
North Krista, RI 66895",N,hours
273,James Cox,532-76-2630,"650 Pacheco Drive
Colemanview, VA 55647",Y,miles
274,Richard Woodward,716-54-2260,"557 Kevin Knolls
Beltranview, PA 08048",N,hours
275,Michael Martinez,157-84-6796,"32610 Stephen Gateway
East Carlosville, AL 38734",N,hours
276,Susan Day,639-27-6634,"5355 Alexander Fords Apt. 098
North William, VT 30133",Y,hours
277,Nancy Becker,030-77-3698,"Unit 6364 Box 8661
DPO AA 16870",N,miles
278,Amanda Velasquez,683-96-0833,"925 Anderson Causeway Apt. 474
New Melissa, MO 50017",Y,hours
279,Jonathan Boyd,187-48-6920,"8852 Reyes Inlet
Rossborough, CA 04661",Y,hours
280,Dana Gray,805-18-9503,"17344 Brown Burgs Apt. 606
South Joel, OR 20055",N,hours
281,Terry Velasquez,407-59-1539,"3358 Newman Extensions Apt. 748
Cooktown, SD 13084",Y,hours
282,Amy Butler,238-40-9711,"930 Johnny Mountain Apt. 515
Lake James, IN 01081",N,hours
283,Susan Garcia,316-01-9145,"1863 Lyons Road
South Shannonton, NC 45908",Y,hours
284,Kayla Castillo,084-93-2845,"2588 Gabriel Gardens Suite 110
Stephenfurt, AK 37488",Y,hours
285,Russell Burke,315-97-8608,"06631 Huynh Crescent
West Donald, TX 73451",Y,hours
286,Mary Peterson,203-64-8430,"04382 Buck Cliffs
Lake Wayne, IN 58366",N,miles
287,Shelly Snyder,660-19-9967,"833 Jerome Wells Apt. 136
Patelton, RI 29472",Y,miles
288,Michele Hughes,845-13-1282,"3762 Bradley Village
Carterland, AS 92089",N,hours
289,Shannon Alexander,657-37-3483,"3474 Ryan Track Suite 695
South Savannah, PA 65178",N,miles
290,Thomas Hughes,586-47-9156,"625 Sharon Skyway
Fletcherville, NJ 30383",Y,hours
291,John Black,171-92-5061,"8287 Jennifer Shores
Gailmouth, MD 57818",Y,hours
292,Taylor Miller MD,738-62-7910,"723 Katherine Valleys Suite 784
Potterhaven, SD 17102",Y,miles
293,Ashley Anderson,884-47-3706,"4836 Williams Plains Apt. 974
South Timothy, NE 64613",Y,miles
294,Lisa Dawson,501-62-1907,"3664 Tyler Mountain Apt. 596
East Mary, AL 62189",N,miles
295,Brandon Mcclain,069-31-4815,"359 Alvarez Corners Suite 456
Lake Maryburgh, WA 83720",Y,miles
296,Joshua Edwards,349-55-5961,"12704 Derrick Alley
Donaldville, PW 82222",Y,hours
297,Shannon Martinez,662-92-8093,"107 Robert Branch Suite 165
New Patrick, DC 19704",Y,hours
298,Morgan Parker DVM,072-71-6256,"281 John Brooks
Lake Patricia, CT 46384",Y,hours
299,Mary Johnson,382-69-8942,"6610 Nicholas Island Suite 941
South Danny, NE 21542",N,hours
300,Katrina Nolan,365-62-7719,"707 Johnson Isle
Walkerchester, AZ 52427",Y,miles
301,Brenda Wong,050-96-3543,"PSC 8271, Box 3940
APO AE 48990",N,hours
302,Ryan Wright,164-92-8403,"366 Julia Fall Suite 370
Arianaburgh, DC 90934",Y,hours
303,Joseph Odom,872-64-2877,"29778 Melton Oval Suite 962
Ruizland, MD 05298",Y,miles
304,Mrs. Stacey Arias,259-77-6798,"590 Leach Land Apt. 786
Cardenasville, PA 85299",N,hours
305,Debra Taylor,891-82-1321,"41232 Delacruz Bridge Suite 893
New Laurenbury, AL 73778",Y,miles
306,Tara Hansen,858-15-6669,"43770 Claudia Place
Port Reginaldhaven, NC 60251",Y,hours
307,James Rivera,693-58-6410,"117 Garrison Course
Johnsonport, PW 64760",Y,hours
308,Michael Carr,650-72-0465,"Unit 0116 Box 4844
DPO AP 94819",N,miles
309,Michael Harmon,781-06-6302,"3491 Stephanie Keys Apt. 362
Lake Jeremiahbury, WI 61250",N,hours
310,Barbara Aguilar,325-28-2675,"45354 Ramos Crescent Suite 710
Banksbury, WV 50410",Y,miles
311,Yvonne Collins,717-92-1453,"967 William Lake Suite 464
Lopezview, ID 96209",N,hours
312,Melissa Martin,103-99-3985,"02406 Leonard Path
Lake Johnmouth, NY 18848",Y,miles
313,Hannah Smith,419-01-3918,"462 Brown Ridge Apt. 556
West Javier, TX 67140",Y,hours
314,Michael Richard,645-49-2825,"003 Anderson Highway
Smithfurt, CT 65581",Y,hours
315,Travis Bridges,246-11-3005,"86997 Vargas Curve Suite 776
Romeroshire, PA 51223",N,hours
316,Alexander Allen,086-05-4296,"862 Grace Fall
Hernandezberg, HI 28743",Y,miles
317,Christopher Evans,091-50-7682,"732 Logan Well Apt. 084
Randyshire, MN 31382",N,miles
318,Jackson Santiago,447-89-8466,"PSC 0288, Box 7682
APO AE 35412",N,miles
319,Philip Shaw,273-32-1552,"936 West Mews
Tateburgh, ND 38224",Y,miles
320,Ashley Hall,878-43-0553,"39137 Karl Port
Wrightview, KY 06074",N,hours
321,Erik Thompson,230-24-8336,"2226 Collins Camp Apt. 685
Youngfort, PA 24479",N,hours
322,Katie Thompson,143-23-9275,"08541 James Prairie
North Kim, OH 37337",Y,miles
323,Michael Harper,125-82-9697,"65713 Farrell Crest Apt. 285
Morrowmouth, IA 30325",N,hours
324,Raymond Smith,411-91-9040,"PSC 7643, Box 7288
APO AP 70106",N,hours
325,Erica Roberts,855-06-8250,"08791 Katrina Roads Suite 380
Hugheston, PW 02087",Y,hours
326,Zachary Allen,517-50-1410,"11291 Erica Field Apt. 969
West Curtis, OR 31406",Y,miles
327,Carol Quinn,177-64-9068,"95875 Tran Loaf
New Matthewport, RI 90737",Y,miles
328,Kenneth Brown,894-46-7785,"8455 Kane Roads Apt. 697
Waltonberg, AK 87102",N,hours
329,Jill Benjamin,431-07-4739,"5432 Williams Walks
Montoyamouth, AL 92641",Y,miles
330,Adam Thornton,501-62-5231,"624 Miguel Plaza
Jeffreyport, KS 44683",N,miles
331,George White,876-88-7276,"462 Jeanette Views
East April, WA 58022",N,hours
332,David Calhoun,181-64-7307,"98602 Melinda Falls
Robertland, AK 81173",Y,hours
333,Sue Myers,214-64-7393,"77746 Turner Summit
Ballardtown, WI 65918",Y,miles
334,Carrie Hall,196-24-3302,"00662 Dale Pines Apt. 124
East Tammyview, FL 68483",Y,miles
335,Renee Jacobs,302-72-4172,"90884 Joel Station
Maybury, TN 35378",Y,miles
336,Crystal Moore,107-59-4932,"629 Walker Route Suite 534
North Brooke, KS 75523",Y,miles
337,Sean Velez,319-09-9096,"215 Wilkins Stravenue Suite 067
Rebeccatown, NC 16983",N,hours
338,Erika Ramirez,473-73-7307,"479 Smith Ridge
Everettport, NM 16779",N,miles
339,Reginald Larson,521-15-4760,"034 Thompson Expressway
Port Lisaberg, ND 05050",Y,hours
340,Donna Wilson,788-35-9952,"735 Fowler Crossroad Apt. 437
Kaylachester, IL 03742",Y,hours
341,Dr. Frank Marsh,760-06-0218,"6390 Monica Canyon Apt. 423
Davidberg, OR 80981",N,miles
342,Jill Allen,040-17-0736,"5984 Thompson Mall Apt. 222
Lake Tiffany, AL 25142",Y,miles
343,Jacqueline Cabrera,121-57-8126,"53987 Brown Falls
Collinport, OH 82476",Y,miles
344,Steve Cooper,436-62-5373,"36611 Allen Dale Suite 269
Taylorstad, VI 83098",Y,miles
345,Damon Schultz,387-27-9812,"6347 Michael Oval Suite 839
South Williamburgh, GU 68592",N,hours
346,Victoria Harrell,533-98-2647,"3209 Susan Mountain Apt. 038
Josephville, WI 97950",N,hours
347,Ricky Obrien,382-86-3749,"27898 Theresa Plaza Apt. 334
Leahfurt, VT 42151",N,miles
348,Joanna Payne,331-21-7620,"856 Justin Roads Apt. 716
East Erinfurt, DE 70023",N,miles
349,Timothy Garcia,801-27-1750,"9259 Soto Place Apt. 901
Johnsonport, NY 97151",N,hours
350,Kenneth Lutz,413-59-8142,"853 Charles Streets Apt. 448
North Katherinechester, MP 87109",Y,hours
351,Katherine Ramos,388-21-0918,"0398 Joseph Ports
West Jasonmouth, NM 56007",Y,hours
352,Gabriela Wilcox,156-15-5139,"12398 Brian Roads
Carterport, NJ 06588",Y,hours
353,Teresa Vincent,176-39-6023,"752 Lisa Harbor
Anthonyborough, TX 55361",N,hours
354,Margaret Silva,489-18-2022,"7646 Perez Lakes
South Mindy, OK 07898",Y,miles
355,Sarah Alvarado,468-57-5948,"0258 Thomas Prairie Suite 819
South Marissastad, IL 86910",N,hours
356,Danielle Swanson,631-75-1814,"144 Melanie Pine Suite 343
Johnberg, DC 22564",N,miles
357,Lisa Carlson,287-26-8821,"95494 Bryan Bypass Suite 962
North Josephtown, VA 72593",Y,hours
358,Richard Brown,766-40-8255,"502 Donna Viaduct Apt. 716
Alexland, AR 62438",Y,miles
359,Lauren Garner,578-57-7686,"028 Chen Prairie
Robinsonchester, LA 94020",N,hours
360,Kristen Jordan,252-37-5579,"71581 Harding Hills Suite 329
South Stefanieshire, LA 91234",N,hours
361,Caitlyn Tate,435-47-8208,"4355 Hansen Squares
South Jonathan, IL 44797",N,hours
362,Gregory Carroll,736-17-2607,"625 Daniel Spring Suite 118
New Williammouth, ME 89166",N,hours
363,Colin Wu,043-91-3660,"0053 Jefferson Rest
East Jessica, AL 55617",N,miles
364,Theresa Jefferson,148-79-0674,"7360 Hawkins Knoll Apt. 220
South Andrew, FM 23717",Y,miles
365,Andrew Rodriguez,151-73-5700,"240 Joseph Vista Apt. 510
New Kenneth, OH 21846",N,hours
366,Daniel Phillips,719-10-5063,"27121 Booth Overpass
Trujillofurt, PR 67384",Y,hours
367,Julie Thomas,073-62-0717,"19431 Todd Highway
New Danielport, MH 04037",N,hours
368,Mark Lee,867-59-6648,"00002 Santos Orchard Suite 968
North Danielchester, OR 62009",N,hours
369,Jason Mccoy,617-82-5648,"5249 Stewart Place Apt. 621
Williamberg, PR 68848",N,hours
370,Lauren Day,256-85-5559,"17343 Kelsey Tunnel Suite 563
Rodriguezland, IA 17073",Y,hours
371,Pamela Campbell,512-67-5995,"USCGC Robinson
FPO AA 19601",Y,miles
372,Debbie Ross,309-87-6134,"0400 Kimberly Extensions Apt. 861
New Lindsay, VI 66568",Y,hours
373,Jacqueline Smith,731-99-3544,"83874 Barnett Ridges
Jennifermouth, GU 85502",Y,miles
374,Vanessa Davila,411-02-0929,"868 Lindsey Ramp Apt. 905
Port Scott, NE 58683",Y,miles
375,Casey Faulkner,708-02-3158,"66047 Anthony Terrace Suite 375
Arellanohaven, MP 09093",Y,miles
376,Kimberly Coleman,129-34-1263,"025 Jeffrey Plain Suite 066
Williamsborough, AL 82806",Y,miles
377,Ryan Rivera PhD,464-81-0374,"2182 Mcgrath Drives Apt. 241
Joshuaton, FL 37488",Y,hours
378,Kylie Perez,552-81-4950,"849 Paul Trail
Samanthaberg, MH 63005",Y,hours
379,Gary Murphy,779-51-0973,"40129 Lozano Fort Suite 211
Bellport, UT 09472",Y,miles
380,John Campbell,768-70-8968,"3665 Jennifer Garden
North Martha, GU 03265",N,hours
381,Antonio Ferguson,278-79-1694,"03313 Nicole Green
Jacquelinebury, UT 77245",Y,miles
382,Daniel Edwards,506-95-8922,"91653 Brown Lights
West Jacquelinebury, NV 28112",Y,miles
383,Kimberly Lloyd,697-82-3619,"730 John Road Apt. 434
Richardfurt, IN 46801",N,miles
384,Maria Curry,563-65-2313,"8973 Lisa Mountain Suite 438
Johnmouth, TX 10267",Y,hours
385,Matthew Smith,888-39-0814,"427 Matthew Trafficway Apt. 343
East Lorimouth, TN 84060",N,hours
386,Anthony Mcgee,427-43-5722,"165 Kevin Mission Apt. 053
Lake Christinaton, PW 11089",N,hours
387,Kenneth Salazar,371-56-1885,"5351 Mcclain Drive
Marioborough, NC 15505",N,miles
388,Stephanie Dillon,051-47-4332,"2199 Michelle Mission
Carriefurt, NH 54156",Y,miles
389,Emma Griffin,040-49-6951,"99638 White Orchard Apt. 122
North Jasonport, GU 55265",Y,miles
390,Jordan Miller,101-70-4340,"918 Lee Corners
West Dana, MD 40596",Y,hours
391,Charles Baker DVM,486-28-8345,"3650 Michael Mills Suite 063
East Lynn, FM 85054",N,miles
392,Erik Tran,212-40-3348,"3212 Vasquez Dam Apt. 833
Lindaview, AZ 19911",N,miles
393,Andrea Torres,857-85-3342,"USNV Hodges
FPO AE 09497",N,hours
394,Tamara Oconnor,157-55-0619,"374 Phillips Ville
New Brandy, NY 48604",Y,hours
395,Jaime Davis,419-80-1410,"44690 Christine Keys Suite 581
Lake David, VI 79659",Y,hours
396,David Clark,462-75-0212,"1516 Samuel Point
Nguyenport, MI 66679",Y,hours
397,Glenn Wilson,771-05-5006,"7058 King Mills Suite 801
Cardenasport, AS 96092",Y,miles
398,Michael Anthony,519-50-1621,"5266 Berry Creek
Thompsonmouth, WV 98293",N,hours
399,Stephen Cordova MD,216-39-3044,"6731 Decker Port
Tarashire, DE 23900",N,hours
400,Angela Larsen,601-62-5744,"PSC 4348, Box 3482
APO AA 40066",Y,miles
401,Kathleen Lee,229-67-5290,"Unit 7478 Box 5686
DPO AA 70760",Y,miles
402,Ryan Deleon,463-75-9950,"3323 Herrera Tunnel Apt. 081
Ashleyhaven, KS 37207",Y,hours
403,Jennifer Flores,306-31-1024,"783 Carey Ford
Lake Patriciafort, AS 06036",Y,hours
404,Robert Mueller,445-74-4911,"325 Kayla Parkways Suite 232
Port Jasonland, MN 46209",N,miles
405,Kelsey Mays,685-99-4774,"75552 Miller Way Apt. 181
Brandonland, LA 70247",Y,miles
406,Maxwell Becker,595-33-7818,"00846 Kayla Lakes
West Lucas, TN 96370",N,miles
407,Jacob Evans,043-41-2083,"565 Sexton Lights
West Samuel, OH 61194",N,miles
408,Tom Williams,351-81-5454,"39235 Brian Station
Lake Hannah, WI 79279",N,hours
409,Alexander Gonzales,019-52-6683,"USCGC Valencia
FPO AP 80481",Y,miles
410,Heather Hawkins,871-65-6954,"49210 Moses Gardens Suite 479
East Lisamouth, IN 40798",Y,hours
411,Kevin Miller,467-67-1797,"PSC 1093, Box 3301
APO AP 81436",Y,miles
412,Brian Rollins,011-64-5021,"834 Rosario Creek Apt. 632
East Dalton, PW 28113",N,hours
413,Charles Johnson,167-34-1169,"35723 Hines Roads
Jasonburgh, AL 36411",N,miles
414,Ian Scott,737-17-1092,"0187 Patrick Fort Suite 719
South Timothy, MP 52286",N,miles
415,Julia Wilson,254-41-4765,"54098 Jennifer Hill
South Oscar, FL 29837",N,miles
416,Pamela Powell,221-75-5602,"116 Morrison Corners
Adamchester, TX 85487",Y,hours
417,Miranda Anderson,802-88-5498,"582 Kimberly Lakes Suite 726
Lake Melissa, AS 72655",N,hours
418,Kimberly Dillon,456-44-8859,"89683 Aaron Manors
South Christopherville, VI 13435",Y,miles
419,Michael Soto,683-76-5161,"28012 Garrett Ramp
New Richard, SD 42464",N,miles
420,Kimberly Robertson,540-60-7743,"759 Silva Square Apt. 592
West Donnabury, IN 15325",N,miles
421,Melissa Harper,490-38-5692,"71387 White Glen
South Renee, MP 32905",N,hours
422,Eric Williams,375-40-2518,"47805 William Squares
Ramosborough, CO 19447",N,miles
423,Katherine Edwards,621-35-5063,"5003 Crawford Spur
Stevenmouth, MN 28548",N,miles
424,Kayla Mendoza,416-80-5577,"10159 Lewis Squares
Mackland, AK 16990",N,miles
425,Aaron Solis,760-61-0015,"7543 Teresa Port
New Michael, VI 48437",Y,miles
426,Michael Montes,176-92-4503,"140 Keith Center
New Andrewhaven, MT 19258",Y,miles
427,Emily Cervantes,733-18-6714,"30751 Harrison Park Suite 188
Tammyfurt, PR 99878",Y,hours
428,Bryan Flores,364-39-8959,"15787 Larry Stravenue
North Vanessa, IN 19035",Y,miles
429,Heather Drake,354-56-0225,"0249 Michael Shoal Suite 056
North Pamela, WA 15171",N,hours
430,Crystal Jones,365-63-7934,"22958 Caitlin Street
North Angelastad, TN 01265",N,miles
431,Kelly Mahoney,471-01-4524,"0196 Lewis Junction Apt. 467
North Amanda, AZ 56650",Y,hours
432,Shannon Clark,084-79-8790,"463 Santos Courts Apt. 210
Floydview, SD 97275",N,hours
433,Jessica Morales,889-17-4981,"394 Joshua Rest
Port Jillberg, NH 19927",Y,miles
434,Dr. Donald Freeman,736-82-1651,"44025 Alexander Parks Suite 406
Lanehaven, AS 61957",N,miles
435,Linda Perkins,569-19-1503,"4191 Smith Village Suite 724
Jessicaport, IA 99540",Y,hours
436,John Richards,146-41-5409,"857 Brady Course Suite 392
South Christina, IA 82063",Y,miles
437,Mrs. Jessica Thompson,173-59-3066,"5990 Katherine Haven Suite 421
New Christopher, RI 73638",Y,miles
438,Dylan King,155-52-2015,"94939 Nicole Roads
Kevinfurt, GA 44153",Y,hours
439,Gabriel Rogers,032-48-1201,"55871 Butler Squares Suite 884
West Austinfurt, MN 94688",N,hours
440,William Kelley,104-60-3998,"1804 Roberts Courts Apt. 784
Whiteland, UT 44747",N,hours
441,Tina Medina,054-17-9870,"Unit 0730 Box 6263
DPO AA 48321",N,hours
442,Stephen Johnson,479-90-3700,"61899 Austin Mall Suite 553
New Brandon, DC 09700",N,miles
443,Jacqueline Snow,834-89-7810,"PSC 9682, Box 1185
APO AA 05796",Y,hours
444,Julia Valencia,348-35-5505,"18227 Salazar Dale
South Sara, DE 95851",Y,miles
445,Leslie Melendez,496-25-2054,"1733 Barnes Rapids
Allisonport, VI 55372",N,hours
446,Julie Wright,478-68-8006,"0354 Brian Land Apt. 622
Joshualand, PR 41694",N,miles
447,Mrs. Megan Bonilla MD,774-40-3313,"232 Amy Expressway Suite 559
Lake Colleentown, CO 30183",N,miles
448,Stephanie Arnold,451-58-8130,"0875 Flores Drives
Traceyside, MS 62706",N,hours
449,Matthew Payne,240-16-3782,"9952 Stewart Harbors
Smithport, MO 65627",N,miles
450,Ashley Medina,784-04-3891,"57831 Katherine Ford
Villegaston, IL 36767",Y,miles
451,Christina Thomas,073-81-3788,"804 Jeffrey Courts Apt. 360
West Caleb, ND 36581",N,miles
452,Nicholas Turner,043-77-5830,"PSC 4460, Box 1331
APO AA 96534",Y,hours
453,Jessica Mejia,486-17-1296,"6143 Michael Corner Apt. 490
Lake Markside, NV 39779",N,hours
454,Laura Estes,869-54-4666,"08446 Morris Brook Apt. 937
Fieldshaven, MD 84726",N,hours
455,Matthew Schwartz,874-38-3885,"8004 Deleon Branch
Masonland, MD 37428",N,hours
456,Jodi Rivera,033-62-2771,"303 Martinez Loop Apt. 529
Bryanshire, UT 81934",N,miles
457,Adam Miller,471-04-2808,"793 Joseph Brooks
Lake Jessica, NJ 12593",N,hours
458,Marcus Larson,481-24-1938,"6200 Hernandez Lodge Apt. 603
Stewartview, CA 38107",N,hours
459,Jeremy Stanton,511-27-8956,"24400 Joanna Locks Suite 564
East Michaelburgh, RI 13395",Y,miles
460,Shelley Howard,019-49-7001,"33021 Stafford Gateway Apt. 530
Carsonfurt, OR 53350",Y,miles
461,Sharon Lozano,586-37-5962,"78856 Rice Mission
Jacobport, VT 32692",Y,hours
462,Marcia Lambert,352-28-8705,"3441 Kramer Highway
West Kevin, GA 52658",Y,hours
463,Desiree Garcia,694-93-5078,"13988 Tiffany Club
New Matthew, MP 73054",Y,miles
464,Danielle Obrien,209-74-8865,"577 Paul Burg Suite 165
Howardland, MS 29588",N,miles
465,Erin Simpson,394-96-5317,"22504 Odom Fall Apt. 179
Wesleybury, CO 10324",N,hours
466,Barbara Townsend,363-95-5649,"USCGC Thompson
FPO AP 62695",N,hours
467,Amber Palmer,857-87-1791,"0758 Jacqueline Stravenue Apt. 491
North Josephberg, WI 93447",Y,hours
468,Christine Simmons,464-98-0103,"75470 Vega Causeway Suite 460
Amandamouth, NV 38316",N,miles
469,Danielle James,420-75-1333,"03694 Gomez Oval
West Randy, NE 33049",Y,hours
470,Cindy Rojas,188-80-8712,"PSC 1050, Box 2454
APO AP 18755",N,hours
471,Autumn Lopez,292-24-3871,"708 Leah Fork
Lauraview, AS 49493",N,miles
472,Alexander Hall,375-01-1521,"7270 White Locks
Port Ryanburgh, IL 77887",N,miles
473,Vanessa Suarez,872-87-0275,"60172 Gary Drive
Nancyshire, HI 81413",Y,miles
474,Kimberly Tran,297-36-6930,"529 Hogan Place
East Brandonville, NY 39305",N,hours
475,Christopher Cortez,383-38-5746,"466 Wolf Terrace Apt. 073
Amandafort, NH 96217",N,miles
476,Thomas Alexander,890-84-6516,"74174 Megan Ranch
Lake Vanessachester, ME 83888",Y,hours
477,Holly Mendoza,804-63-1510,"6033 Jessica Place Suite 104
South Carolineborough, TN 48760",N,miles
478,Thomas Hubbard,828-56-5724,"543 Williamson Estate
North Danielle, DC 67918",N,hours
479,Gina Sherman,266-55-6937,"165 Hardy Orchard Apt. 848
Lindaport, WV 72165",Y,miles
480,Leonard Sharp,772-50-2572,"11730 Stacey Rue
East Jessechester, MS 28469",Y,miles
481,Lauren Pena,256-14-2486,"7662 Tara Dam
Helenton, NV 21092",N,miles
482,Robert Oneill,788-70-2799,"960 Peggy Plaza
Vargasside, OK 88557",N,hours
483,Phyllis Buckley,037-80-5173,"541 Perkins Plaza Apt. 763
Jasonshire, HI 11176",Y,miles
484,Derrick Joseph,135-72-6083,"6952 Carter Roads Suite 195
East Christopher, IL 31307",N,miles
485,Justin Jennings,423-98-2381,"960 Kristin Village Suite 689
East Theresa, ID 93631",N,miles
486,Scott Brooks MD,776-26-8545,"4448 Lyons Shore Apt. 623
North George, KY 41877",Y,hours
487,Hector Castro,820-50-0724,"25894 Sanders Vista
Nicholeborough, NY 29587",Y,hours
488,Angela Martin,184-07-9608,"9318 Derrick Ramp
Lawsonfort, UT 81323",N,miles
489,Kristin Costa,844-33-6856,"55695 Ayers Inlet Suite 399
Robertsport, DE 63165",N,hours
490,Matthew Hill,514-43-4132,"5663 Goodman Row Apt. 523
Patriciahaven, OH 51030",N,hours
491,John Rogers,057-74-8231,"29861 Morrison Drive
North Jill, AS 50319",Y,hours
492,Laurie Mcneil,148-11-9173,"USS Miller
FPO AP 23636",Y,miles
493,Connie Lindsey,622-28-3865,"294 Samantha Mill
Catherinemouth, AR 03617",Y,hours
494,Kevin Ramirez,640-64-0584,"686 Turner Plaza
South Danielville, TN 59656",N,hours
495,Anthony Johnson,077-25-5210,"Unit 8326 Box 9945
DPO AA 05344",Y,hours
496,Tina Morrison,821-51-1758,"17039 Sheena Harbor Suite 108
Port Marissafort, LA 27739",Y,miles
497,Leonard Hall,128-47-6254,"5383 West Terrace Apt. 799
Coreyshire, AZ 50393",N,miles
498,David Payne,468-71-4845,"455 Chavez Landing
Lake Austin, WA 18116",Y,hours
499,Debra Salinas,435-41-1730,"752 Sherry Lodge Suite 206
New Andreton, MS 70084",N,miles
500,Susan Martinez,650-22-3262,"36506 Stephanie Spur Apt. 834
Erikaberg, OK 03538",Y,miles
501,Brendan Wong,330-96-4832,"98287 Denise Harbors
Riverafurt, GU 16346",Y,miles
502,Amy Ortega,077-82-5270,"USNV Estes
FPO AP 80944",N,hours
503,Annette Sweeney,446-43-8171,"95129 Jonathan Park
East Bradley, IN 03739",N,hours
504,Maria Perry,081-99-3840,"3749 Haley Courts Suite 496
Port Valerie, MO 02622",Y,hours
505,Stacy Lee,273-42-1293,"7346 Juan Ranch
South Jason, NV 44481",N,hours
506,Autumn Reynolds,336-67-1333,"7793 Lucas Key
Pricefort, WA 71504",N,hours
507,Andrea Smith,144-24-3076,"7914 Melissa Fields
Stephenberg, VI 45634",Y,hours
508,Sandra Bruce,888-48-1920,"8980 Jordan Port Suite 826
South Kyle, NC 82104",N,miles
509,Thomas Jones,762-61-5717,"7377 Rachel Pike
Lake Janetberg, MD 57339",Y,miles
510,Christina Melton,768-34-9606,"746 Kevin Plaza Apt. 476
South Charles, HI 91848",Y,miles
511,Jason King,172-61-5562,"5407 Cindy Knoll
Lake Brandimouth, GU 63059",N,miles
512,Tiffany Thomas,591-22-3296,"749 Williams Hills
Hamptonport, KS 95482",N,hours
513,Joshua Lopez,678-09-0358,"4442 Santiago Rapids
Port Kaylaburgh, NC 47210",N,miles
514,Sharon Rose,611-09-2017,"5369 Jonathan Hills Suite 169
Malonefurt, DE 85545",N,miles
515,Mitchell Washington,262-31-1017,"0007 Jeffrey Hill Suite 398
New Amanda, DE 08038",N,miles
516,Kurt Dunn,559-49-9641,"PSC 0681, Box 3258
APO AP 80178",Y,miles
517,Dean Hicks,161-05-7429,"Unit 2889 Box 9584
DPO AP 88392",N,miles
518,Derek Scott,892-75-3384,"159 Parsons Shores
Lorrainechester, AR 05112",Y,hours
519,Matthew Gardner,245-65-1256,"539 Matthew Parkway Apt. 389
Kimberlyville, IN 53954",Y,hours
520,James Walters,404-09-8582,"521 Thomas Bypass
New Anthonytown, DC 42883",Y,miles
521,Stephen Barnes,154-16-4557,"7581 Crystal Branch Suite 957
Port Michelleport, CT 68357",Y,miles
522,Lisa Salazar,026-56-1143,"57840 Henry Inlet
Mistyfurt, NY 83740",Y,miles
523,Anthony Hall,890-66-3859,"PSC 0815, Box 7205
APO AE 27164",N,hours
524,Eileen Garcia,337-59-4728,"585 Brittany Manors
Port Ryanville, MT 84862",N,miles
525,Jacqueline Davidson,420-09-0737,"137 Nicholas Extensions
North Gregory, IN 57160",Y,miles
526,Melissa Hopkins,296-95-7160,"69221 Donald Crossroad Suite 294
Johnland, AR 80182",Y,hours
527,Steven Ramirez,512-26-8390,"3500 Ryan Viaduct
Ronaldside, ID 03211",N,hours
528,Daniel Williams,142-82-1329,"093 Thornton Mountain
Tylerton, NC 33561",Y,miles
529,Shannon Ferguson,301-24-6806,"841 Martin Streets Suite 899
Wellsstad, NM 48416",Y,hours
530,Alyssa Taylor,749-54-5864,"32801 Rhodes Forges
North Jeffreyfurt, AL 46335",Y,hours
531,April Dixon,356-58-3307,"537 Rebecca Port Apt. 793
South Josephhaven, FL 36970",Y,miles
532,William King,251-65-3057,"2066 Villarreal Ways
South Erica, SC 43322",N,hours
533,Francisco Adams,144-04-7823,"88332 Jorge Divide Suite 605
New Amberport, TX 62755",Y,hours
534,Stacy Johnson,886-98-8140,"65696 Jones Springs
West Faithmouth, NJ 17130",Y,hours
535,James Garcia,136-98-1546,"9532 Moore Track
Emilyberg, NC 92887",Y,miles
536,Justin Roman,711-38-4109,"8990 Kathryn Field Suite 241
Nancyview, FM 39796",Y,hours
537,Lisa Lopez PhD,218-65-4950,"01545 Gomez Ferry
Lake Jennifer, IA 88320",N,miles
538,Herbert Ortiz,450-53-1644,"843 Hogan Mission
Blackmouth, SD 50426",N,hours
539,Taylor Smith,568-99-8278,"095 Gray Mission Apt. 861
Samuelfurt, PA 16844",N,miles
540,William Collins,263-29-3727,"80066 Justin Ports
East Paula, CO 90669",Y,miles
541,Jeremy Ferguson,195-11-1248,"3360 Sweeney Brook
Karenchester, OK 85933",Y,hours
542,Kayla Smith,477-82-5004,"82724 Gates Stravenue Apt. 229
Christopherburgh, VT 08153",Y,miles
543,Beverly Dixon,626-92-6075,"0477 Sandra Meadows Apt. 026
Mckinneymouth, DE 54908",N,miles
544,Keith Wheeler,007-05-7863,"328 Jaime Camp Apt. 656
Rogersview, NJ 33515",Y,hours
545,Victoria Conner,829-20-2797,"917 David Point Suite 787
Katherineberg, NM 49869",N,hours
546,Emily Savage,743-09-5407,"34965 Adams Estate Suite 890
North Gloriaberg, MP 59098",N,miles
547,Phillip Carpenter,371-51-7762,"9095 Smith Trail
South Deborahborough, AS 68529",Y,hours
548,Mary Mosley,464-31-4205,"172 Thomas Lane Apt. 914
Rodriguezborough, IL 45463",Y,hours
549,Alexandra Martinez,551-12-8340,"95769 Bryant Summit
Lake Eric, AL 07017",N,hours
550,Shawn Hines,634-83-7748,"0509 Alicia Crossing
West Marctown, ME 45325",Y,miles
551,Priscilla Garrett,271-17-0249,"969 Kyle Extensions
West Thomastown, ND 48012",Y,hours
552,Christopher Murphy,531-65-4812,"767 Anthony Island
West Charlesside, NV 32964",Y,hours
553,Frederick Stout,479-63-4071,"708 Douglas River Suite 676
South Williamfort, CO 09066",N,miles
554,Debbie Miller,628-55-3368,"130 Amy Manors Suite 606
North Saraburgh, MD 66455",N,hours
555,Joseph Aguilar,878-14-3150,"7239 Leach Mission Apt. 594
Christopherport, WV 40962",N,hours
556,Melissa Stephens,174-84-3515,"920 Jonathan Gateway
South Matthewton, OR 80276",Y,miles
557,Shaun Garcia,475-10-3375,"PSC 7372, Box 6349
APO AA 32084",Y,miles
558,Christopher Schroeder,046-77-4937,"73317 Thomas Pines Apt. 664
Lake Danielport, MD 66050",N,miles
559,David Stafford,281-63-3560,"00437 Carl Key Suite 922
Trujillofort, OH 01825",N,hours
560,Roger Booker,899-77-8023,"389 Tracey Summit Apt. 611
Alexanderfort, PA 30664",N,hours
561,Kristie Marshall,517-25-0669,"76605 Smith Groves
New Stephanie, VA 21292",N,hours
562,Cory Mata,644-65-4684,"42733 White Mills
Port Linda, CA 49275",Y,miles
563,Joseph Brown,092-62-2713,"USNV Martin
FPO AA 30030",Y,miles
564,Jacqueline Patel,528-22-7544,"949 Patrick Rue Suite 047
Larastad, CA 15707",Y,miles
565,Kelly Nelson,597-28-9704,"06331 Stephen Hills
West Amyshire, NH 15014",N,hours
566,Douglas Bryant,367-99-7981,"651 Angela Lock
Sloanfort, VA 11782",Y,miles
567,Carrie Larson,677-92-6834,"708 Hopkins Cliff Apt. 387
Lake Anthony, CT 91362",N,miles
568,Paul Snow,635-49-9456,"7282 Rachel Glen Apt. 156
Houstonport, WY 99793",N,miles
569,Brianna Figueroa,033-40-3331,"59583 Perez Rapid
Lake Julie, PA 71143",N,hours
570,Shannon Thomas,739-72-6820,"82508 Rodney Crest Apt. 439
Lake Benjaminport, NM 59842",N,hours
571,Sheena Pugh,552-70-1124,"621 Clark Coves Apt. 128
Palmerton, SD 97805",Y,hours
572,Stephanie Thompson,751-24-7331,"PSC 5516, Box 9160
APO AA 19610",N,hours
573,Christopher Page,728-10-8286,"556 Andrew Flat
West Lindaview, AR 42216",N,miles
574,Rebecca Anderson,008-90-7544,"2109 Foster Drive Suite 383
Lake Melissa, MS 84281",Y,miles
575,Ashley Berry,517-80-5195,"8825 Liu Ranch
Paulmouth, FL 61695",N,miles
576,Thomas Bridges,164-61-5498,"0577 Joshua Mews Suite 737
Mccarthytown, MP 86974",Y,miles
577,Virginia Collins,723-41-0026,"084 Christopher Square Apt. 706
Cruzland, MA 79310",N,hours
578,Daniel Perez,204-09-9891,"12992 Rogers Route
South Lindsay, CO 23532",N,miles
579,Robert Hutchinson,523-69-8088,"1554 Angela Crest
Oliverland, FM 99678",N,miles
580,Andrew Alexander,371-97-9809,"6515 Martinez Brooks Suite 479
Williamberg, TX 64185",Y,miles
581,Amber Strickland,594-67-7830,"172 Holloway Wall Suite 250
New Adammouth, ND 36474",Y,hours
582,Maria Smith DVM,471-29-0271,"64328 Kyle Parkway
Rogerschester, RI 86575",Y,hours
583,Christine Shannon,403-41-5240,"715 Roman Land Suite 260
Randallmouth, NJ 35669",N,miles
584,Tyler Norris,116-58-0941,"0560 Christina Estates Apt. 349
Monicaton, WI 81571",N,miles
585,Tony Weber,304-38-1576,"517 Dennis Pike Apt. 428
New Michael, AK 17294",Y,miles
586,Jason Liu,309-01-8686,"23828 Jaime Meadows Suite 285
Cortezborough, ME 16692",Y,hours
587,Heather Heath,483-47-4862,"181 Sharp Island Suite 974
Brianland, DE 51743",N,miles
588,Jennifer Prince,180-64-1960,"67187 Kimberly Ford Suite 381
North Gloria, NH 38525",N,hours
589,Christopher Walton,782-77-3269,"098 Suzanne Flat Apt. 693
Dickersonmouth, MT 62119",Y,miles
590,Brian Carey,776-24-5886,"035 Jodi Viaduct
Jeffmouth, WY 50757",N,miles
591,Lisa Santana,837-90-1447,"30565 Phillip Springs Suite 367
Melissaside, WV 58177",Y,hours
592,Ashley Ross,399-94-1841,"2556 Jeremy Rue Apt. 105
Port Jasonville, IA 42337",Y,hours
593,Aaron Martin,084-43-4622,"190 Bradley Circle
Lake Stephenfort, VT 42311",Y,hours
594,Sarah Lewis,539-46-2291,"85056 Morton Ville
Collierbury, CA 54466",Y,hours
595,Katherine Estrada,175-14-8746,"734 Jonathan Corner
South Matthew, ND 97703",N,hours
596,Justin Watson,881-58-8706,"5754 David Common Suite 594
Meyerfort, NH 03414",Y,miles
597,Amber Hanson,220-54-8326,"7939 Moore Stravenue Apt. 471
Mcmillanland, MS 58577",Y,miles
598,James Thompson,689-74-3893,"431 Collier Motorway
East Michael, CO 55522",Y,hours
599,Misty Fisher,504-44-8772,"931 Donald Creek
Heathertown, NV 47949",Y,miles
600,Justin Rubio,168-86-0963,"794 Wiley Street Apt. 431
Walshmouth, NM 07412",Y,miles
601,Tonya Boyd,814-74-7920,"451 Nunez Ways
Smithmouth, TN 21589",Y,miles
602,Joshua Day,712-61-4075,"586 Daniel Stravenue
Rebeccaville, DC 97019",N,miles
603,Sean Dawson,414-36-5957,"19206 Berger Orchard
Erinside, GU 60230",N,hours
604,Nancy Young,053-34-8867,"6593 Foster Heights
Port Sean, NE 63081",N,miles
605,Jermaine Young,654-87-2220,"66468 Maddox Parkways Apt. 001
Georgebury, DE 45583",Y,hours
606,Peggy Wright,748-13-7907,"8003 Kimberly Ports
Taylorborough, PR 91171",Y,miles
607,Johnathan Harrison,737-31-8195,"107 Andrew Tunnel Apt. 144
Richardsonmouth, VT 81098",N,hours
608,Alison Nelson,520-07-9270,"392 Shawn Viaduct
New Shannon, TN 91100",N,miles
609,Monica Brown,120-96-4238,"58364 Harmon Tunnel
Lake Dennisstad, WV 34468",Y,hours
610,Julie Brown,538-97-2503,"4076 Blake Circles
Patrickburgh, KS 66061",Y,hours
611,Craig Fisher,574-36-9867,"20517 Christine Oval
Dennisshire, OK 11594",Y,miles
612,April Wilson,146-48-9814,"USNV Quinn
FPO AA 87921",N,miles
613,Megan Sanchez,771-40-9058,"73968 Fox River
Jonchester, MP 03406",N,hours
614,Mrs. Jennifer Smith DVM,553-06-3608,"696 Patrick Greens Apt. 308
Woodsshire, HI 44728",N,miles
615,Laura Walters,159-54-8045,"84526 Williams Alley
North Kristamouth, PA 55579",N,miles
616,Janice Campbell,566-38-3772,"Unit 7154 Box 4196
DPO AP 14451",Y,miles
617,Samuel Hall,083-05-6413,"4728 Ramsey Walks Apt. 572
Leahville, LA 14397",N,hours
618,Erica Rojas,517-45-4020,"PSC 9068, Box 9793
APO AE 87736",Y,hours
619,Patrick Tanner,456-28-2767,"USNV Rodriguez
FPO AA 10398",N,hours
620,Donald Sexton,354-74-0277,"2364 Colton Stravenue Apt. 002
Byrdhaven, GU 89471",N,hours
621,Anthony Crane,633-77-3523,"996 Gloria Branch Apt. 972
Montgomeryside, PA 40501",Y,miles
622,Daryl Wallace,597-92-9630,"0678 Perez Rest Apt. 057
North Lee, WY 40366",N,miles
623,Julia Parsons,878-47-9999,"455 Forbes Dam Suite 246
West Alyssatown, RI 74179",Y,miles
624,Michael Mendoza,401-19-8878,"54962 Michelle Coves Apt. 966
New Christina, CO 50425",Y,miles
625,Collin Craig,211-40-0999,"9941 Harris Views Apt. 746
Stoneside, MA 97087",Y,miles
626,Helen Richardson,340-73-3963,"PSC 6098, Box 0396
APO AE 42735",Y,miles
627,James Moore,538-93-9460,"296 Christensen Prairie
Victorburgh, OK 05222",N,miles
628,Eric Martinez,837-72-0626,"Unit 5837 Box 1354
DPO AP 91220",N,miles
629,Jason Lopez,131-31-7931,"405 Perez Ridges
Woodwardborough, ME 09937",N,hours
630,Mary Patel,108-84-4875,"PSC 5066, Box 8830
APO AE 91299",N,hours
631,Cindy Buchanan,867-66-7964,"4436 Santos Prairie Suite 530
West Eduardofurt, MH 85933",N,hours
632,Jason Knapp,180-36-6417,"172 Angela Gardens Apt. 577
Port Jonathantown, NJ 95733",Y,miles
633,Carl Meadows,515-91-7007,"60929 Lisa Pike Suite 382
East Jessicachester, NM 16826",N,miles
634,Brandon Reeves,165-20-0967,"041 Mitchell Divide
Lake Stevenborough, MS 95574",Y,miles
635,Shane Hamilton,571-10-4283,"944 Valdez Mall Suite 995
Wernerport, PR 52874",N,miles
636,Bethany Mcpherson,227-94-8995,"113 Roberts Mill Apt. 087
East Amyshire, AK 03149",Y,miles
637,Jason Reynolds,862-11-4799,"573 Obrien Estate Apt. 161
New Normachester, IL 76859",Y,hours
638,Michelle Smith,822-63-3535,"USNV Manning
FPO AA 91709",Y,miles
639,Frank Campbell,161-82-1417,"15495 Day Forks Apt. 532
East Daniel, PA 65288",Y,hours
640,Matthew Rollins,254-49-3421,"303 Ortiz Trace
Robbinsmouth, MS 80563",N,hours
641,Deborah Clark DDS,273-81-2226,"22757 Sullivan Branch
Paulaview, VT 53263",N,miles
642,Patrick Harris,402-24-7676,"840 Erika Parkway
New Timothyport, MA 71175",N,miles
643,Jerry Tucker,701-52-6968,"917 Cindy Trace Suite 984
Ericfurt, NH 93084",Y,miles
644,Ian Perkins,486-76-5037,"907 Green Cliffs Apt. 733
Sanchezton, WI 58774",N,miles
645,Vanessa Cochran,004-88-7442,"40768 Smith Highway Suite 575
Ramosmouth, PR 08620",N,miles
646,Jessica Gardner,064-06-5565,"705 David Squares Suite 718
Schultzbury, NV 75835",N,miles
647,Jessica Vasquez,555-71-5436,"25469 Lopez Mills Apt. 127
East Virginia, AS 13412",N,hours
648,David Hayes,722-40-0932,"31475 Erica Village Apt. 144
Knightside, NV 37441",N,miles
649,Bradley Anderson,746-45-2509,"08954 Harrison Bridge
North Christinaburgh, DE 35437",N,miles
650,Thomas Brown,207-48-6182,"27300 Heidi Plains Apt. 667
North Brittany, TX 40709",N,miles
651,Edward Colon,574-38-5641,"152 Blackwell Union Suite 309
Allenland, RI 64141",Y,miles
652,Kyle Sawyer,497-21-5938,"04440 Ryan Valleys Apt. 258
Lake Tiffany, WA 24361",Y,hours
653,Debra Johnson,443-65-5001,"8815 Angela Mountains Apt. 601
Port Kelseystad, NM 59550",N,hours
654,Christine Cole,053-05-1982,"27566 Cathy Haven
Lake Teresastad, AL 98679",Y,miles
655,Kristina Thompson,522-88-0146,"2539 Williams Mission
Port Donaldmouth, MH 77117",N,miles
656,Lance Thompson,238-95-4359,"60051 Brown Fall
Port Timothy, OH 01896",N,miles
657,Kelly Mcdonald,433-34-7084,"2679 Reeves Brook Suite 658
Perezside, CA 13434",Y,hours
658,Katherine Gonzales,133-87-1416,"5646 Timothy Ports
North Isabellaview, NC 19651",Y,hours
659,Natasha Orr,511-39-5750,"83619 Flores Village
East Wendyshire, WA 44412",Y,hours
660,Lauren Ruiz,352-17-3388,"Unit 9532 Box 2953
DPO AE 08209",Y,miles
661,Raymond Nash,245-83-0870,"88445 Hood Mall Apt. 454
West John, NC 65804",N,hours
662,Tony Gonzalez,614-99-9180,"233 Thomas Island Suite 758
Lake Ginafort, DE 79700",Y,hours
663,Paul Martinez,516-23-0659,"5715 Cheyenne Mission
New Wesleyville, AR 70474",Y,hours
664,Mrs. April Prince,408-54-6759,"97682 John Brook Apt. 004
Port Jennifer, ID 64481",Y,hours
665,Kayla Rasmussen,470-91-5416,"493 Moore Lake Suite 238
Moorechester, NC 07453",N,hours
666,Denise Franklin,205-11-8174,"471 Sean Cove Suite 083
Wolfmouth, IA 78875",Y,miles
667,Daniel Bowen,369-16-4507,"PSC 0883, Box 4600
APO AE 20640",Y,miles
668,Dr. April Rivera,858-69-4812,"20610 Patterson Ports Suite 709
Jenkinsmouth, IN 22807",Y,hours
669,Joseph Allen MD,016-26-4476,"646 Lee Dam Suite 315
North Ryanland, NJ 94327",N,hours
670,Angela Downs,764-31-1298,"8675 Wade Falls
Zacharyton, MH 60901",Y,miles
671,Emily Wilcox,079-38-9153,"USCGC Preston
FPO AE 97583",N,miles
672,Morgan Page,036-23-7850,"60044 Gutierrez Corners Suite 772
West Leslie, NJ 66533",N,miles
673,Lisa Joseph,175-11-2675,"03034 Griffith Plaza
Powellmouth, IA 36285",N,hours
674,Thomas Smith,363-38-3626,"31637 Crystal Point
East Danielberg, AR 40246",N,hours
675,Maria Davenport,014-57-3969,"52654 Ashley Harbor
West Taylorborough, NV 62457",Y,hours
676,Kelly Taylor,019-22-4791,"9073 Christian View Suite 498
Thompsonmouth, NY 33189",Y,hours
677,Rebecca Wilson,181-25-3609,"841 Sloan Flats Apt. 696
Alexandraburgh, VI 96471",N,hours
678,Adam Nelson,416-48-3560,"3215 Moore Coves
Gregoryberg, NV 66065",Y,hours
679,Lisa Hill,501-09-7458,"0612 Melody Street Suite 974
Holdenside, CT 92275",N,miles
680,Jennifer Gutierrez,062-57-0962,"426 Watson Knolls Suite 890
Thompsonhaven, MD 46353",N,hours
681,Linda Rogers,606-91-2714,"4773 Perez Overpass
Lake Georgeland, KS 77180",N,hours
682,Matthew Ferguson,737-64-5928,"812 David Plaza
Loristad, PR 17091",Y,hours
683,Zachary Green MD,211-22-9360,"560 Howard Ramp Apt. 728
West Michelleborough, VA 48582",Y,hours
684,Traci Cardenas MD,162-17-5433,"28254 Beard Shore Suite 374
East Samantha, OH 68904",Y,miles
685,Amy Baldwin,606-41-3869,"5494 Austin Valleys
New Bryanport, OR 95252",Y,miles
686,Karl Young,723-33-6786,"PSC 9893, Box 9258
APO AP 18350",N,miles
687,Jill Anderson,863-05-9455,"4770 Durham Harbors Suite 248
Conleyside, ND 18066",N,hours
688,Bradley Salazar,305-08-7158,"Unit 6597 Box 8292
DPO AA 04802",N,miles
689,Rebecca Thompson,857-37-7865,"PSC 5111, Box 7972
APO AE 83144",Y,hours
690,Bryan Mccarthy,459-23-0872,"83578 Angela Ridges
Port Aliciatown, NC 16230",N,hours
691,David Ramos,757-23-6894,"5891 Susan Trail Apt. 041
Nicholasfurt, MI 88823",Y,hours
692,Amy Wolfe,880-36-1842,"5991 Salazar Port
Hannahmouth, MO 78826",Y,hours
693,Daryl Cross,207-71-9785,"USS Robles
FPO AA 40750",Y,hours
694,Monica Vargas,865-12-9459,"PSC 3967, Box 6842
APO AA 14315",N,miles
695,Gregory Morales,408-41-7272,"97935 Reyes View
West Kristinachester, HI 24735",N,miles
696,Melissa Smith,248-09-0149,"027 Tapia Neck
Cookefort, CO 84666",N,miles
697,Jeffrey Huff,795-19-7207,"4781 Mark Spring Suite 593
Lake Morgan, NV 55469",Y,hours
698,Katie Herrera,601-64-1411,"Unit 2661 Box 0690
DPO AP 62466",N,miles
699,Amber Garcia,673-76-0575,"85661 Bentley Plaza
Smithfort, TX 75693",N,miles
700,Daniel Harrison,505-32-4095,"45248 Johnson Pike
Stephenfort, GU 80971",Y,miles
701,Michael Larsen,676-09-3937,"7619 Katherine Heights Apt. 631
Morrischester, MT 06275",N,hours
702,Lauren Hurley,339-05-8888,"USNV Kirby
FPO AE 13893",N,miles
703,Victor Peterson,011-43-5950,"660 Johnson Mountain Suite 203
East Johnmouth, PR 74306",N,hours
704,Daniel Craig,662-55-3639,"0643 Sheila Lights Apt. 497
Lake Deborahton, SD 20513",Y,hours
705,Kimberly Stone,337-42-2870,"722 Gregory Lodge Apt. 103
Farleystad, MT 28478",Y,hours
706,Mr. Kevin Arroyo,583-94-4313,"6272 Thomas Circle
West Glen, VA 37144",N,hours
707,Dr. Jordan Myers,878-24-0194,"372 Cox Hill Suite 099
Lake Spencer, WV 12154",N,miles
708,Gabriela Osborne,782-40-3836,"9971 Chen Tunnel
Martinezstad, PR 63219",N,hours
709,Peter Hebert,333-87-5140,"52652 Cheryl Locks
Brianland, MI 94815",Y,hours
710,Joshua Ford,087-72-4120,"USS White
FPO AE 80236",Y,miles
711,Sheila Walters,253-59-4142,"96240 Rebecca Forks
Millerview, VT 21897",Y,miles
712,Anthony Cannon,197-78-8010,"99274 Christina Valleys Suite 514
Rodriguezville, HI 37903",N,hours
713,Matthew Perez,826-70-3216,"8046 Byrd Ville Apt. 950
East Ronald, FM 40577",N,miles
714,Miss Wanda Wilson,044-64-2692,"38528 Thompson Bridge
Rollinsside, MH 46633",Y,miles
715,Wendy Smith,336-08-1709,"03677 Martha Extensions Apt. 128
Davisbury, NV 06316",Y,miles
716,Heather Lee,692-80-6043,"1393 Hudson Islands Apt. 464
Katherineland, AZ 64320",N,miles
717,Nathan Patterson,044-59-5893,"USCGC Mann
FPO AP 79551",N,hours
718,Melissa Richards,141-95-0915,"11033 Scott Brooks Apt. 068
West Charlotte, MN 36532",N,miles
719,Sharon Sellers,559-12-5317,"296 David Route Apt. 878
Garcialand, NY 20340",Y,miles
720,Michael Chan,192-34-1964,"020 Douglas Loaf Apt. 352
North Ann, DE 24961",N,hours
721,Patricia Powers,113-83-1475,"309 Leslie Rest
Alexisport, PA 53789",N,hours
722,Sherry Smith,889-06-9574,"9976 Jon Cove
East Christineview, HI 08436",Y,miles
723,Brandy Bowman,695-61-2113,"349 Cruz Drive Apt. 860
North Daniel, IL 05464",N,miles
724,Alice Dickson,516-10-1703,"567 Denise Loop
Lake Tarafurt, IA 28442",N,miles
725,Mark Thomas,302-98-0526,"USS Cole
FPO AA 91735",N,miles
726,Sarah Lopez,185-15-0624,"487 Hurst Plain Apt. 441
Lake Jeanette, RI 82713",N,hours
727,Scott Smith,743-30-8409,"Unit 5273 Box 2976
DPO AE 16531",Y,miles
728,Jason Torres,210-38-4447,"455 Cheryl Forge
New Haley, OK 43693",N,hours
729,William Green,803-02-5309,"56813 Miller River
Angelamouth, MT 37308",Y,miles
730,Dennis Alexander,888-58-9232,"PSC 8816, Box 7251
APO AA 03687",N,miles
731,Patricia Mitchell,689-76-8074,"USCGC Johnson
FPO AE 19189",Y,miles
732,Tracy Lambert,562-43-4342,"352 Ross Ford
Rachelland, CA 49278",Y,hours
733,Maria Salas,521-32-7667,"USCGC Powell
FPO AA 02759",N,miles
734,Mr. Joshua Duncan MD,455-16-6316,"176 Anderson Way Suite 101
North Billyview, AR 26276",Y,miles
735,Natalie Garcia,427-14-3151,"2696 Jose Branch
Lake Haileymouth, AL 96682",Y,miles
736,Richard Gray,575-82-3717,"9130 Reynolds Port Suite 215
New Gina, AZ 10198",N,miles
737,Joy Marshall,444-07-4603,"546 Travis Mountain Apt. 685
Lake Jennifer, HI 32932",Y,miles
738,Melissa Rivas,619-72-6092,"97443 Lopez Extension Apt. 670
Kristinhaven, RI 70320",N,hours
739,Johnathan Garcia,053-86-0257,"USS Evans
FPO AE 82726",Y,miles
740,Emily Rush,238-27-7075,"670 Medina Landing
Amyberg, PW 09082",N,miles
741,Amy Murphy,091-56-3881,"52339 Jennifer Mountains Suite 607
Brownstad, NV 83742",N,hours
742,Shelly Reed,180-79-3993,"489 Richardson Manors Suite 358
Delacruzborough, MI 39375",N,hours
743,Marcus Hardy,013-43-2930,"934 Hodge Drives
Reneehaven, GU 52803",Y,hours
744,William Garrett,360-39-1595,"89086 Brittany Coves Apt. 544
Markville, ID 98935",N,hours
745,Kevin Martin,424-10-8493,"Unit 6965 Box 3954
DPO AE 00988",Y,miles
746,Frederick Jackson,264-48-0727,"4057 Mikayla Parkway Suite 800
Porterstad, NJ 11320",Y,hours
747,Carolyn Walsh,810-46-9984,"04570 Kristy River Apt. 381
Smithmouth, NH 91563",N,hours
748,Robert Romero,812-88-7082,"865 Reynolds Center
North Jacobhaven, PA 09797",N,miles
749,Andrea Nguyen,415-69-3436,"65681 Davies Highway Apt. 057
Owensborough, NH 81134",Y,miles
750,Sandra Li,485-67-1212,"232 Rivera Station Apt. 625
Port Jodiland, ID 29666",Y,hours
751,Lindsey Bowen,292-98-8038,"8278 Gomez Motorway Apt. 820
West Kaylaborough, WV 19488",N,hours
752,Jeffrey Powell,150-57-0215,"0628 Rodney Harbors Suite 316
Port Peggy, MN 88955",Y,hours
753,Kelly Gilbert,892-93-7650,"5903 Abigail Glens
Bakerstad, SD 41266",N,miles
754,Sean Sanchez,396-49-8620,"4927 Turner Landing Suite 792
Leemouth, MD 50984",N,hours
755,Thomas Fox,407-15-0160,"64793 Rachel Burg
Andrewborough, CA 65374",N,hours
756,Andrea Oliver,290-33-6845,"PSC 9989, Box 9352
APO AA 17756",N,hours
757,Roger Smith,119-31-0983,"054 Jose Plains
Maxwelltown, MT 33393",Y,miles
758,Monica Yang,484-25-2852,"736 Cochran Garden Suite 620
Riverahaven, WV 40929",Y,hours
759,Jason Stein,886-34-3743,"7484 Santos Ville Suite 174
Warrentown, NY 80664",N,hours
760,Robert Wagner,371-83-4114,"1910 Howard Via Apt. 690
West Robert, IL 07611",N,hours
761,Jerry Hudson DVM,568-09-8065,"522 Gonzalez Radial Suite 525
Kimland, MH 78444",Y,miles
762,William Stuart,743-42-4196,"8023 Bush Cliffs
Owenschester, RI 53153",Y,miles
763,Shirley Chan,063-67-0834,"461 Patton Forge
Garciabury, NC 68866",N,hours
764,Ashley Jones,535-47-9568,"4781 Jessica Ports
Portershire, NC 86544",Y,miles
765,Daniel Rodriguez,194-23-4626,"4406 Megan Square Apt. 650
Catherineborough, PA 28151",N,miles
766,Monica Clark,128-97-2255,"57828 Butler Mountains
Robertton, OK 91676",Y,hours
767,Paul Kelly,779-12-0439,"56880 Barnes Haven Suite 097
West Joel, SC 74596",Y,hours
768,Sharon Robertson,303-61-8262,"8328 Hall Ferry Suite 133
Campbellburgh, AR 36359",N,miles
769,Shaun Sanders,691-58-7316,"824 Jessica Trafficway
North Charles, TN 70375",Y,miles
770,Jordan Floyd,456-91-9917,"33217 Paula Spurs Apt. 104
West Laurabury, LA 26666",N,miles
771,William Wood,765-52-9270,"428 Hernandez Mountain
East Melissafurt, ID 23868",Y,miles
772,Abigail Allen,424-42-0477,"874 Lewis Course Apt. 275
East William, AS 57987",Y,miles
773,Connie Mclean,298-57-9857,"86237 John Forest Suite 686
Thomasstad, OR 31820",Y,hours
774,Melissa Willis,703-24-8470,"8202 Kelli Mills Suite 125
East Richard, CT 51750",N,hours
775,Kimberly Robertson,397-23-2826,"49367 Brian Roads
West James, ID 29372",N,miles
776,Michael Frey,578-01-7130,"885 Jamie Island
Ricardoland, CO 33203",Y,hours
777,James Anthony,028-23-2562,"USCGC Foster
FPO AE 51380",N,hours
778,Diane Walker,064-62-6472,"2919 Ayala Manors Suite 203
North Lauren, CO 40790",N,miles
779,Rebecca Murray,253-34-7727,"936 Angela Vista
Jonesberg, PW 53076",N,hours
780,Billy Ramos,591-53-8257,"0688 Lisa Fields Suite 602
Lake Jason, ME 62959",Y,hours
781,Laurie Smith,827-07-2143,"70717 Mary Square Suite 638
Elizabethmouth, PR 51315",N,miles
782,Jerry Evans,650-18-4099,"95810 Williams Centers
East Davidfurt, FM 74767",Y,miles
783,Michael Bell,243-13-4640,"4267 Watson Lodge Suite 332
Ashleehaven, CT 64942",N,miles
784,Jessica Thomas,787-89-0938,"Unit 0730 Box 8243
DPO AP 82952",N,miles
785,Mary Johnson,331-30-1769,"9003 Garrett Heights Suite 090
Angelaborough, RI 57640",N,miles
786,Benjamin Cooper,098-96-4916,"02477 Brandon Stream
Faulknerhaven, FM 59613",N,miles
787,Jonathan Leon,643-22-5027,"1957 Moore Pines
Lake Staciemouth, MH 64165",N,hours
788,Daniel Patel,080-26-8745,"65412 Troy Rue
Port Erinhaven, AL 49099",N,hours
789,Cole Hester,160-12-0091,"PSC 5218, Box 6436
APO AP 84248",Y,hours
790,Gina Allison,613-81-4231,"525 Green Throughway Apt. 308
Peterstad, KY 10662",Y,miles
791,John Anderson,619-24-4622,"7812 Brian Rest
Lake Samanthabury, AZ 51245",N,hours
792,Deanna Bowen,330-26-7480,"98401 Moore Land Apt. 679
Gonzalezchester, CT 90162",N,miles
793,Christina Torres,717-30-9953,"589 Kelly Circle Suite 800
Carterchester, VT 18242",N,miles
794,Anna Smith,210-45-1662,"867 Krause Light Suite 441
Amberborough, LA 79169",N,hours
795,Shane Moore,623-47-3920,"64824 Ross Manors Suite 127
Lake Benjamin, WY 79112",N,miles
796,Eric Stephenson,388-94-2835,"PSC 3782, Box 7812
APO AA 44270",N,hours
797,Cheryl Lee,437-27-2249,"209 Melanie Shore Apt. 905
Shelbytown, AS 73914",N,hours
798,Rodney Pennington,343-66-5717,"582 Petty Estates Suite 230
Sharonland, OR 02972",N,miles
799,Ashley Miles,003-64-5018,"5154 Sullivan Loop
Bradshire, NM 01847",N,hours
800,Zachary Bowman,584-09-5186,"766 Soto Manor Apt. 683
Brookeport, NE 56230",Y,miles
801,Gina Lowery,437-66-8523,"47158 Scott Creek
Port Kaitlinland, GA 95457",Y,miles
802,Penny Peterson,146-45-0405,"USCGC Davis
FPO AP 71364",Y,miles
803,Michelle Mcclure,829-57-1202,"816 Reginald Springs Suite 395
New Larrybury, ME 93936",Y,miles
804,Marvin Bailey,703-36-7639,"688 John Motorway
Lake Dennis, MA 36461",N,miles
805,Monique Armstrong,717-50-4472,"144 Campos Heights
West Michael, SD 02545",Y,hours
806,Eric Diaz,292-88-6772,"6446 Woodard Mountain Apt. 816
Lake Julie, VA 79879",N,miles
807,Tina Harper,055-48-2836,"1338 Erin Parkways Apt. 632
Wandamouth, IL 41166",N,hours
808,David Curry,042-10-6192,"4589 Graves Drive Apt. 888
New Ronald, NY 06170",Y,miles
809,James Neal,589-39-1101,"70185 Kennedy Highway
Davisland, VI 48028",Y,hours
810,Richard Park,475-19-7267,"87295 Kimberly Walk Suite 300
South Sharon, WY 00871",N,hours
811,Alexander Oconnor,659-86-5782,"203 Steven Dam Apt. 076
North Andrea, IL 53327",Y,miles
812,Grace Hopkins,316-42-3469,"6129 Monica Mills
Jimmyshire, IN 06411",N,hours
813,Katherine Gregory MD,343-62-1300,"849 Jessica Drive
Port Greggfurt, PR 36048",N,miles
814,Christina Lopez,139-08-8309,"9397 Johnson Landing Apt. 683
Port Marissa, HI 55688",Y,hours
815,Daniel Snyder,476-93-1660,"19756 Kristin Cliffs
West Kevin, DC 22832",N,hours
816,Elizabeth West,726-51-0447,"93614 Black Flats
Justintown, MN 72417",Y,hours
817,Joel Richards,675-54-2511,"137 Santana Junctions
East Williamborough, WV 69155",N,miles
818,Monica Burke,520-91-0714,"372 Reese Tunnel Apt. 089
Aaronshire, UT 68366",Y,hours
819,Scott Lopez,169-27-7147,"82710 Terri Turnpike
East Joseph, WA 42736",N,hours
820,Alyssa Hall,213-64-1643,"Unit 5051 Box 1102
DPO AE 08332",Y,hours
821,Jacob Allen Jr.,529-91-5297,"578 Bradley Pine
New Kathyhaven, AR 18100",N,hours
822,Amy Browning,170-43-2243,"065 Clarke Cape Suite 713
Port Phillip, DE 31550",Y,miles
823,Robert Dodson,513-42-2968,"USNV Clark
FPO AE 38672",N,hours
824,Brandon Allen,549-74-4432,"485 Ward Landing Suite 478
Port Dorisshire, SC 25128",Y,hours
825,Matthew Martin,390-05-4136,"81244 John Ramp
Tinaland, NV 77013",Y,hours
826,Stephanie Dennis,312-71-0373,"5231 Robert Fields
Gibsonstad, DE 87187",N,miles
827,Donna Combs,273-84-3739,"75067 Rose Path
East William, OR 05018",N,hours
828,Allison Ballard,275-69-9637,"82423 Jeffrey Field Suite 057
New Matthew, FL 80344",N,hours
829,Marvin Anthony,523-34-0829,"2152 Pierce Rest Apt. 350
East Michael, TN 78899",Y,hours
830,James Smith,480-29-6768,"9229 Erickson Wall
Lake Ashley, MA 62726",Y,miles
831,Travis Livingston,290-99-2647,"4600 Carolyn Key Apt. 297
Cruzchester, KS 67670",Y,hours
832,Timothy Osborne,221-73-3712,"50375 Robert Trace Apt. 839
Diaztown, ID 89966",Y,hours
833,Kevin Smith,301-44-6137,"32463 Isaiah Junctions
Brittanyton, MH 23958",Y,hours
834,Robert Montgomery,594-67-4393,"Unit 6011 Box 7699
DPO AA 64331",Y,miles
835,Kelly Reed,561-17-0782,"13080 Toni Hills
Harveyport, AR 19947",N,hours
836,Anthony Lloyd,862-14-0920,"7575 Adrienne Glen Apt. 184
Port Kevinside, PR 26539",N,hours
837,Christopher Hess,295-92-6694,"6173 Hernandez Parkway Suite 683
Jenniferport, DE 47842",N,miles
838,Katherine Calderon,413-46-5769,"31787 Davis Fords Apt. 583
Jamesside, IN 00504",N,miles
839,Tina Butler,712-21-0978,"PSC 6374, Box 3894
APO AE 07745",Y,miles
840,Sheri Daniels,209-08-9818,"530 Jason Views Apt. 205
Annafort, AS 66653",N,miles
841,Mr. Allen Johnson,233-52-7218,"759 Liu Light
East Michelle, NH 39895",N,hours
842,Mr. Brian Duncan,711-63-6757,"924 Murray Centers
Levinestad, WV 40513",Y,miles
843,Andrea Murphy,880-15-8745,"22810 Berger Shoal Suite 104
South Emilyborough, AL 71531",Y,hours
844,Jessica Harrison,582-96-4261,"072 Yvonne Views
Jonesfurt, MA 06844",N,hours
845,Michelle Brock,307-17-8645,"088 Sosa Pass
Stevenborough, FL 01409",Y,miles
846,Jean Perry,319-02-8147,"75294 Nicholas Stravenue
East William, WI 27604",Y,hours
847,Mark Hale,085-63-2492,"48243 John Ferry
Lake Mariaberg, KY 04139",N,miles
848,Kristine Brooks,736-76-5151,"8836 Jones Junction Suite 229
Vanessashire, WV 64913",N,miles
849,Deborah Gordon,082-01-8796,"42333 Joseph Loop Suite 348
Collinsburgh, HI 03335",N,miles
850,Rachel Martinez,499-43-5789,"304 Snyder Ways Suite 390
West Marilyntown, LA 50123",Y,miles
851,Cesar Burke,095-48-4393,"741 Warner Cape Suite 324
North Michael, AR 84308",N,hours
852,James Olson,758-28-8042,"7229 Wheeler Mills Suite 508
Jacquelineport, WI 25197",N,miles
853,Melanie Wilson,421-34-8451,"83372 Cassandra Forge Suite 106
East Deniseville, AL 39868",N,miles
854,Jaime Lawson,109-15-6829,"367 Brown Corner Suite 030
North Jessica, DE 42730",Y,miles
855,Kevin Gilbert,399-92-4201,"76308 Baxter Plaza Suite 118
East Cindystad, LA 70296",Y,miles
856,Bryan Miles,323-41-8026,"737 Michael Ville
South Elizabethtown, DE 91994",Y,hours
857,Richard Welch,631-37-8274,"185 Roberts Pike Suite 315
Dianeton, WA 66941",N,hours
858,Dr. Tyler Richardson,103-49-0141,"02522 Angela Passage
Timothybury, WI 52426",N,miles
859,Heidi Swanson,734-29-4399,"261 Ruiz Ferry
Johnstad, FM 61845",Y,hours
860,Keith Lewis,707-38-9828,"32083 Frank Cape Apt. 091
Jessicahaven, NJ 33720",Y,hours
861,Erin Trujillo,662-69-1013,"5385 Taylor Mountain
Barberchester, NH 14715",N,hours
862,Brian Meyer,818-11-5203,"941 Paige Plaza
West Austinhaven, NC 90736",Y,hours
863,Kathryn Mathis,689-79-2720,"6745 Castillo Shores
Darryltown, LA 06109",N,hours
864,Samantha Mitchell,636-77-7836,"6142 Harrison Views Apt. 116
Whitefort, NV 75236",N,miles
865,Misty Wood,068-54-9885,"891 Miller Extension
North Christopher, NY 62625",N,hours
866,Deborah Lopez,546-52-5626,"43416 Sanchez Tunnel
New Roberta, KY 22640",Y,miles
867,Monica Stone,353-13-8822,"4614 Shannon Glen Suite 347
Port Nataliebury, LA 59033",Y,hours
868,Reginald Alexander,310-58-2454,"167 Bowman Plains Suite 597
Lake Sarah, MP 38970",Y,hours
869,Jessica Rangel,007-80-5684,"67382 Black Mews
West Danaberg, NH 93135",N,hours
870,Nicolas Snow,838-61-0699,"30429 John Avenue
New Lauraborough, NM 77077",Y,miles
871,Judy Garcia,033-98-0646,"020 Gregory Walk
South Davidville, IN 74465",N,hours
872,Laura Johnston,539-85-8738,"161 David Lane
New Krista, CO 38100",Y,miles
873,Brandon Garrett,554-31-5715,"4455 Peterson Square
Rogersland, AL 18227",N,hours
874,Amanda Nunez,246-44-9545,"354 Karen View
New Seanmouth, OR 27773",N,hours
875,Stephanie Levy,126-44-4457,"5224 Patrick Trail Suite 766
Robertstown, WI 44179",Y,hours
876,Mary Powell,665-86-2773,"76915 Nicholas Fort Suite 496
Armstrongfort, AR 02975",Y,hours
877,Shelly Dixon,136-98-3803,"73825 Jeffrey Field
Elizabethview, RI 45382",Y,miles
878,Jennifer Hamilton,006-85-5836,"3778 Brown Extension
East Ericafort, AK 52691",N,hours
879,Dr. Keith Atkinson PhD,268-64-1839,"758 Maureen Plains
South Jamesmouth, NM 64483",N,miles
880,Darlene Campbell,821-91-5357,"58553 Richard Isle
West Anita, CO 84851",Y,miles
881,Beth Sherman,269-82-4514,"4798 Bryan Terrace
Reevesmouth, PA 13398",Y,hours
882,Jill Davenport,402-13-9522,"27953 Trevino Spur
New Tonyview, OH 34281",Y,hours
883,Jessica Moore,304-72-7050,"033 Scott Squares
Braunside, FM 34411",N,hours
884,Dawn Wood,220-13-1099,"2632 Tracey Tunnel Suite 070
Melissafort, DE 75899",N,miles
885,Micheal Obrien,399-88-2885,"050 Gerald Underpass Suite 377
North Karenmouth, NE 28175",Y,hours
886,Kevin Mcintosh,515-85-8861,"308 Brown Lane
Vanessamouth, CA 03746",N,hours
887,Ryan Wiggins,130-13-2856,"8196 Hughes Fork Suite 486
Pughbury, CA 84213",Y,miles
888,Laura Melton,433-03-0662,"02670 Thomas Land Suite 489
Port Kimberly, PR 95941",Y,miles
889,Victor Parker,174-96-8870,"132 Austin Port
Parkschester, WI 08837",Y,miles
890,Christine Porter,297-18-3776,"3143 Kristin Neck Suite 395
New Kyle, VI 04075",N,hours
891,Elizabeth Shah,147-34-2658,"28661 Jessica Vista
East Elizabeth, SC 73380",Y,hours
892,Suzanne Clark,615-77-4547,"56569 Garcia Green Apt. 996
Louisville, FM 48987",N,hours
893,Joseph Flores,056-70-1043,"585 David Lakes Apt. 205
Lake Blakeport, ND 41250",Y,miles
894,Johnathan Frank,437-20-2606,"PSC 5257, Box 2404
APO AP 36280",N,miles
895,Michael Wagner,096-28-9180,"Unit 5064 Box 4210
DPO AE 52249",N,miles
896,Grace Lee,708-84-2256,"2844 Christina Hills
Port Susan, IA 30456",N,hours
897,Michael Ortiz,291-99-8053,"62197 Ellen Lane
New Joseph, MO 11894",Y,miles
898,Rodney Evans,502-65-5923,"746 Nicole Terrace
New Jeffrey, TN 84241",N,hours
899,Brandon Nunez,667-36-3877,"054 Cameron Mountain Apt. 841
West James, NC 94972",N,hours
900,Dr. Adam Gibbs,751-35-9692,"712 Anderson Lodge Apt. 501
East Patrickfurt, GU 28497",Y,hours
901,Christopher Rios,741-10-1067,"2565 Joshua Forge
New Anthony, MD 28289",N,miles
902,Brandon Smith,229-22-1780,"535 Stewart Lights Suite 111
Youngport, VI 49882",N,hours
903,John Sullivan,240-63-1370,"Unit 7466 Box 8973
DPO AE 25020",N,hours
904,John Black,321-10-7586,"Unit 8029 Box 3836
DPO AA 87260",Y,hours
905,Christopher White,780-54-8047,"31524 Norton Pines Apt. 166
East Erica, DE 09136",N,hours
906,Brandon Rodriguez,109-33-1733,"1444 Campbell Mission
South Thomas, NV 51953",N,miles
907,Jennifer Crosby,539-41-1770,"31989 Garcia Mills
Ayalamouth, OH 40094",Y,hours
908,Maria Peterson,437-83-2288,"04859 Roger Bypass Suite 046
East Pamelaland, IA 37996",Y,miles
909,Tracy Brady,656-58-6164,"77243 Elizabeth Crossroad
Garrettview, FM 42121",N,hours
910,George Harrison,632-71-0893,"8525 Rebecca Mountain Apt. 637
Michaelton, MH 60374",N,miles
911,Julie Rivera,814-34-1723,"736 Rodriguez Locks
North Danielbury, NH 18916",Y,miles
912,Brittney Kelly,767-57-8674,"9450 Miranda Keys
Stevenchester, NM 32691",Y,miles
913,Anthony Shelton,482-49-6581,"35388 Hernandez Villages Apt. 608
South Donald, ID 70648",N,hours
914,Charles Martinez,896-10-8632,"78600 Zuniga Row Suite 830
Robertburgh, NH 22501",Y,hours
915,Christy Vargas,265-28-6138,"4526 Robert Estate
Port Karenhaven, NM 31892",N,hours
916,Chase Luna,293-37-4462,"405 Griffin Hills
South Stevenchester, GU 75320",N,hours
917,Shane Wright,411-20-7977,"3582 Mathews Shoals Suite 372
Lake Brian, MN 57004",N,miles
918,Darren Harris,005-40-8144,"PSC 4739, Box 8240
APO AP 10181",Y,miles
919,Shane Wright,236-09-6391,"660 Phillips Green Apt. 163
Benitezland, MT 53709",N,miles
920,Robert Martin,267-58-4242,"9639 Smith Underpass
Aliciabury, OK 63502",N,hours
921,Scott Page,834-06-0919,"129 Michele Ford
Johnhaven, MT 11548",N,hours
922,Christine Espinoza,673-04-7385,"102 Beck Pines
Lake Rodneyborough, OK 50565",Y,miles
923,Mrs. Amanda Melton MD,385-95-3095,"99598 Garcia Coves
East Thomasshire, VA 57826",Y,hours
924,George Bowman,638-61-4597,"70268 Jack Neck
Vanessabury, TX 57374",N,miles
925,Brandi Keller,538-51-5353,"9297 Brandi Extension Suite 759
Newmanhaven, ME 15360",Y,hours
926,Sylvia Elliott,096-71-2662,"87524 Barbara Inlet
East Timothyport, WV 45227",Y,miles
927,Katelyn Yoder,373-24-0053,"147 Christine Oval
Candaceborough, OH 77657",N,miles
928,Ashley Walker,070-89-6333,"91088 Richard Green Apt. 843
Adammouth, IA 36715",Y,miles
929,Christopher Espinoza,780-03-0674,"2117 Wheeler Lock
East Chelsea, MT 46678",Y,hours
930,Rebecca Gallagher,309-13-0166,"5145 Brown Radial Apt. 774
East Wendy, NE 75999",Y,miles
931,Courtney Marks,581-73-1701,"PSC 0661, Box 8289
APO AE 86051",N,hours
932,Nicole Thomas,137-82-8144,"471 Casey Lane Apt. 817
Thomasport, NH 91645",Y,miles
933,Karl Thompson,272-16-1676,"61064 Richmond Vista
Melindashire, MH 65018",N,hours
934,John Mcdonald,646-11-8863,"78436 Murphy Ports Suite 369
East Dylantown, WA 48488",N,miles
935,Denise Jones,743-85-7433,"USNV Garcia
FPO AE 10051",N,miles
936,Michael Thompson,246-53-4175,"66487 Jim Squares Apt. 740
Conleyville, NH 94555",Y,miles
937,Sarah Hale,856-69-9834,"1036 Barbara Knoll Suite 710
Hardingberg, TN 24931",N,hours
938,Jennifer Taylor,876-18-3294,"15987 Phelps Ramp
Christinemouth, AL 60832",N,miles
939,Dawn Taylor,168-87-5795,"2049 Kristin Common Suite 302
Smithport, NE 83067",Y,miles
940,Jamie Walters,357-45-3850,"474 Christian Point Suite 934
Mayland, MA 94708",Y,miles
941,Kristen Erickson,673-77-8723,"46039 Simpson Trail Suite 020
Wrightview, DC 55249",N,miles
942,Linda Rowland,745-87-8453,"2308 Daniel Garden
North Markfurt, MT 26797",Y,hours
943,Crystal Miranda,047-77-6137,"9321 Gibson Underpass
Amberborough, WV 60327",Y,miles
944,Sandy Hoffman,186-94-4481,"105 Burns Ridge
Michaelborough, ND 86824",Y,hours
945,Dr. Katelyn Merritt,423-51-2103,"6018 Young Motorway
New Nicole, AK 58062",Y,miles
946,Angela Reyes,372-79-1160,"PSC 9834, Box 8726
APO AP 75775",Y,hours
947,Brittney Morris,739-12-8784,"2080 Long Square
West Haley, PR 11983",Y,miles
948,Amber Allen,390-04-5731,"938 Sosa Pass
New Nicholasside, MS 54313",N,hours
949,Mr. Mark Brown,458-21-8948,"Unit 0867 Box 6597
DPO AP 16909",Y,miles
950,Garrett Johnson,499-60-1426,"868 Kevin Rue Suite 553
Drakeborough, NM 55585",Y,hours
951,Alex Washington,399-70-0612,"6068 Scott Ridge Apt. 071
Rhondaton, MN 32132",N,miles
952,Dylan Thomas,426-74-5764,"22257 Brian Port Suite 915
Lake Matthew, GU 24116",N,hours
953,Frank Romero,899-54-7840,"USNS Wood
FPO AE 44120",Y,miles
954,Robert Case,209-37-0502,"57991 Reyes Extensions Suite 086
West Sarah, MT 49970",N,hours
955,Stephanie Smith,726-91-0312,"486 Lawrence Spurs Apt. 208
Smithstad, CT 46512",N,hours
956,Taylor Simon,845-61-1637,"USS Torres
FPO AA 01992",Y,miles
957,Sarah Brown,560-08-6321,"6886 Jennifer Rest Suite 830
Petersonton, NE 51185",N,miles
958,Clayton Douglas,872-49-1611,"12609 Adam Hill
New Willieberg, RI 18892",N,hours
959,Jennifer Miller,660-59-4797,"165 Woods Ridges Suite 539
Krystalshire, TX 52911",N,hours
960,Karen Ward,328-66-4135,"493 Tiffany Plains
Port Kristenside, MH 47651",N,miles
961,Melissa Fletcher,847-62-3430,"79278 Coffey Ports Suite 173
Lorettachester, PR 19473",Y,miles
962,Trevor Avila,678-69-9681,"18440 James Mount
Lake Sophia, AL 83456",N,hours
963,Katherine Dixon,335-55-0853,"472 Nicole Pike Suite 356
East Christine, OK 67268",Y,miles
964,Jamie Hinton,795-31-9168,"97527 Kennedy Park
Dennisville, RI 39453",N,hours
965,Shaun Buchanan,138-86-0956,"0420 Cynthia Forges
West Rebekah, WY 07532",N,miles
966,Lindsay Thompson,121-22-3289,"USNS Smith
FPO AE 66294",N,hours
967,Frederick Garrett,406-81-5630,"3832 Jimenez Crescent
Campostown, TX 50065",Y,miles
968,Erica Cole,656-64-5816,"333 Cantu River
North Patriciaview, SD 85538",Y,hours
969,Jennifer Jordan,268-49-7690,"1408 Harrell Road Suite 744
Carolhaven, NE 15530",N,hours
970,Mary Campbell,571-39-4222,"02030 Thomas Square Apt. 180
Kristenberg, AZ 71807",Y,hours
971,Walter Mccarty,584-58-1857,"8353 Booker Lane
North Curtis, CO 88944",N,hours
972,Douglas Green,260-80-8376,"1917 Collins Creek Apt. 969
Port Amanda, CA 43850",N,hours
973,Howard Nelson,892-19-7996,"144 Kennedy Shores Suite 861
Lake Nicole, WY 29951",Y,hours
974,Jeremy Larson,757-93-6472,"391 Jared Dam
West Lori, IN 73386",Y,hours
975,Erika Shah,468-81-5304,"56950 Bradley Cape Apt. 847
Christopherfort, LA 69028",N,miles
976,Stephen Collins,521-38-3769,"09836 Collins Roads
Smithberg, KY 71432",Y,hours
977,Suzanne Gilbert,310-74-7661,"0454 Vernon Prairie Apt. 299
Ericashire, HI 87150",N,miles
978,Stephen Ruiz,857-13-0213,"46697 Krause Highway
East Donaldton, TN 58234",Y,hours
979,Karen Stevenson,360-09-6148,"Unit 0664 Box 8535
DPO AP 21025",Y,miles
980,Robert Patton,053-71-6654,"84800 Kimberly Alley
Virginiaside, NC 38161",Y,hours
981,James Cline,349-88-9809,"4976 Elizabeth Estate Apt. 358
Lake Manuel, NH 53525",Y,hours
982,Amanda Edwards,395-88-8285,"2533 Chris Mountains Suite 841
Blairberg, GA 80491",N,hours
983,Nathan Simmons,573-08-3492,"3986 Kevin Forest
West Josephmouth, KS 96707",Y,miles
984,Monica Sharp,467-13-5418,"20619 Barber Run
Lake Maureen, FM 14589",Y,miles
985,Jessica Miller,541-23-9476,"5068 Solis Squares Apt. 366
New Veronica, LA 06843",Y,miles
986,Brian Williams,296-13-2531,"PSC 5606, Box 1461
APO AP 34421",N,miles
987,Michael Ward,422-88-6313,"005 Pamela Run
West Ronaldside, MN 84974",N,hours
988,Kelly Wright,699-73-3858,"139 Jacob Harbor
Heathermouth, VI 63129",N,hours
989,Melissa Glover,059-79-9316,"073 Linda Circles
Wilsonview, NV 76592",N,miles
990,Elizabeth Hahn,206-50-9859,"USNS Franklin
FPO AE 01614",Y,miles
991,Angela Allen,758-99-6840,"55142 Karen Mountains Apt. 584
South Larry, OK 92903",N,hours
992,Ashley White DVM,481-29-3462,"837 Williamson Fork
Monicafurt, OH 75021",Y,miles
993,Matthew Martinez,533-03-0964,"USCGC Compton
FPO AA 31438",Y,hours
994,Suzanne Harris,121-46-4739,"58364 Grant Island Apt. 843
Monicaport, MP 82874",N,hours
995,Amanda Larson,093-11-8769,"3275 Hughes Coves Apt. 939
Gonzaleztown, DE 20687",N,hours
996,Mr. Daniel Schultz,828-41-9895,"334 Eric Rue Apt. 471
Reyesfurt, PW 80829",Y,miles
997,Michael Barron,426-39-4790,"82047 Turner Manor Apt. 705
Reneeton, CA 15797",N,miles
998,Laura Vang,802-41-8799,"6003 Donna Ranch Suite 833
West Patrick, RI 84918",Y,miles
999,Zachary Preston,839-51-8190,"4424 Reed Freeway Suite 609
East Karen, GU 58450",Y,hours
1000,Jeremy King,379-23-8966,"42348 Dennis Isle
South Shawn, NM 71688",Y,miles
1001,Bradley Brown,792-98-4996,"45471 Scott Run
Sandersland, WA 67616",N,miles
1002,William Ballard,544-09-7607,"00613 Kelley Station Apt. 707
Sylviaport, VA 08852",Y,miles
1003,Jacqueline Thompson,670-62-1617,"1204 Flynn Union
Nelsonport, MA 36845",Y,miles
1004,Robert Stevens,683-46-0833,"PSC 3654, Box 6642
APO AE 28924",N,hours
1005,Christopher Maxwell,812-06-3765,"0082 Carney Via
West Maryburgh, CA 02808",N,miles
1006,Mrs. Jamie Adams,331-91-2201,"9344 Frank Track Suite 890
Lake Jerry, VA 39889",N,hours
1007,Hunter Thompson,586-69-4983,"622 Amanda View
Mcdowellfurt, NJ 84905",Y,miles
1008,Jeremy Turner,663-67-6638,"40363 Ronald Lake
New Cheryl, AL 58832",N,miles
1009,Stephanie Armstrong,751-18-6938,"2915 Jeffrey Coves Suite 681
Karimouth, MA 95097",Y,miles
